A U-ARCHITECTURE AND URBANISM = A U-ARCHIT URBAN
A N A E-APPROCHE NEUROPSYCHOLOGIQUE DES APPRENTISSAGES CHEZ L ENFANT = ANAE
AAA-ARBEITEN AUS ANGLISTIK UND AMERIKANISTIK = AAA-ARB ANGLIST AM
AAPG BULLETIN-AMERICAN ASSOCIATION OF PETROLEUM GEOLOGISTS = AAPG BULL
AAPS PHARMSCI = AAPS PHARMSCI
ABA JOURNAL = ABA J
ABACUS-NEW YORK = ABACUS-NEW YORK
ABDOMINAL IMAGING = ABDOM IMAGING
ABHANDLUNGEN AUS DEM MATHEMATISCHEN SEMINAR DER UNIVERSITAT HAMBURG = ABH MATH SEM HAMBURG
ABSTRACTS OF PAPERS OF THE AMERICAN CHEMICAL SOCIETY = ABSTR PAP AM CHEM S
ACADEME-BULLETIN OF THE AAUP = ACADEME
ACADEMIC EMERGENCY MEDICINE = ACAD EMERG MED
ACADEMIC MEDICINE = ACAD MED
ACADEMIC PSYCHIATRY = ACAD PSYCHIATR
ACADEMIC RADIOLOGY = ACAD RADIOL
ACADEMY OF MANAGEMENT EXECUTIVE = ACAD MANAGE EXEC
ACADEMY OF MANAGEMENT JOURNAL = ACAD MANAGE J
ACADEMY OF MANAGEMENT REVIEW = ACAD MANAGE REV
ACADIENSIS = ACADIENSIS
ACAROLOGIA = ACAROLOGIA
ACCIDENT ANALYSIS AND PREVENTION = ACCIDENT ANAL PREV
ACCOUNTING ORGANIZATIONS AND SOCIETY = ACCOUNT ORG SOC
ACCOUNTING REVIEW = ACCOUNT REV
ACCOUNTS OF CHEMICAL RESEARCH = ACCOUNTS CHEM RES
ACCREDITATION AND QUALITY ASSURANCE = ACCREDIT QUAL ASSUR
ACH-MODELS IN CHEMISTRY = ACH-MODELS CHEM
ACI MATERIALS JOURNAL = ACI MATER J
ACI STRUCTURAL JOURNAL = ACI STRUCT J
ACM COMPUTING SURVEYS = ACM COMPUT SURV
ACM SIGPLAN NOTICES = ACM SIGPLAN NOTICES
ACM TRANSACTIONS ON COMPUTER SYSTEMS = ACM T COMPUT SYST
ACM TRANSACTIONS ON DATABASE SYSTEMS = ACM T DATABASE SYST
ACM TRANSACTIONS ON DESIGN AUTOMATION OF ELECTRONIC SYSTEMS = ACM T DES AUTOMAT EL
ACM TRANSACTIONS ON GRAPHICS = ACM T GRAPHIC
ACM TRANSACTIONS ON INFORMATION SYSTEMS = ACM T INFORM SYST
ACM TRANSACTIONS ON MATHEMATICAL SOFTWARE = ACM T MATH SOFTWARE
ACM TRANSACTIONS ON OFFICE INFORMATION SYSTEMS = ACM T INFORM SYST
ACM TRANSACTIONS ON OFFICE INFORMATION SYSTEMS = ACM T OFF INF SYST
ACM TRANSACTIONS ON PROGRAMMING LANGUAGES AND SYSTEMS = ACM T PROGR LANG SYS
ACM TRANSACTIONS ON SOFTWARE ENGINEERING AND METHODOLOGY = ACM T SOFTW ENG METH
ACOUSTICAL PHYSICS = ACOUST PHYS+
ACP-APPLIED CARDIOPULMONARY PATHOPHYSIOLOGY = ACP-APPL CARDIOPUL P
ACRIDA = ACRIDA
ACS SYMPOSIUM SERIES = ACS SYM SER
ACSMS HEALTH & FITNESS JOURNAL = ACSMS HEALTH FIT J
ACTA ACUSTICA = ACTA ACUST
ACTA AGRICULTURAE SCANDINAVICA = ACTA AGR SCAND
ACTA AGRICULTURAE SCANDINAVICA SECTION A-ANIMAL SCIENCE = ACTA AGR SCAND A-AN
ACTA AGRICULTURAE SCANDINAVICA SECTION B-SOIL AND PLANT SCIENCE = ACTA AGR SCAND B-S P
ACTA AGRONOMICA ACADEMIAE SCIENTIARUM HUNGARICAE = ACTA AGRON HUNG
ACTA ALIMENTARIA = ACTA ALIMENT HUNG
ACTA ANAESTHESIOLOGICA SCANDINAVICA = ACTA ANAESTH SCAND
ACTA ANATOMICA = ACTA ANAT
ACTA APPLICANDAE MATHEMATICAE = ACTA APPL MATH
ACTA ARITHMETICA = ACTA ARITH
ACTA ASTRONAUTICA = ACTA ASTRONAUT
ACTA ASTRONOMICA = ACTA ASTRONOM
ACTA BIOCHIMICA ET BIOPHYSICA HUNGARICA = ACTA BIOCHIM BIOPHYS
ACTA BIOCHIMICA ET BIOPHYSICA SINICA = ACTA BIOCH BIOPH SIN
ACTA BIOCHIMICA POLONICA = ACTA BIOCHIM POL
ACTA BIOLOGICA ACADEMIAE SCIENTIARUM HUNGARICAE = ACTA BIOL ACAD SCI H
ACTA BIOLOGICA CRACOVIENSIA SERIES BOTANICA = ACTA BIOL CRACOV BOT
ACTA BIOLOGICA CRACOVIENSIA SERIES ZOOLOGIA = ACTA BIOL CRACOV ZOO
ACTA BIOLOGICA ET MEDICA GERMANICA = ACTA BIOL MED GER
ACTA BIOLOGICA HUNGARICA = ACTA BIOL HUNG
ACTA BIOQUIMICA CLINICA LATINOAMERICANA = ACTA BIOQUIM CLIN L
ACTA BIOTECHNOLOGICA = ACTA BIOTECHNOL
ACTA BIOTHEORETICA = ACTA BIOTHEOR
ACTA BOTANICA ACADEMIAE SCIENTIARUM HUNGARICAE = ACTA BOT HUNG
ACTA BOTANICA GALLICA = ACTA BOT GALLICA
ACTA BOTANICA HUNGARICA = ACTA BOT HUNG
ACTA BOTANICA INDICA = ACTA BOT INDICA
ACTA BOTANICA NEERLANDICA = ACTA BOT NEERL
ACTA BOTANICA SINICA = ACTA BOT SIN
ACTA CARDIOLOGICA = ACTA CARDIOL
ACTA CHEMICA SCANDINAVICA = ACTA CHEM SCAND
ACTA CHEMICA SCANDINAVICA SERIES A-PHYSICAL AND INORGANIC CHEMISTRY = ACTA CHEM SCAND A
ACTA CHEMICA SCANDINAVICA SERIES B-ORGANIC CHEMISTRY AND BIOCHEMISTRY = ACTA CHEM SCAND B
ACTA CHIMICA ACADEMIAE SCIENTARIUM HUNGARICAE = ACTA CHIM HUNG
ACTA CHIMICA HUNGARICA-MODELS IN CHEMISTRY = ACTA CHIM HUNG
ACTA CHIMICA SINICA = ACTA CHIM SINICA
ACTA CHIMICA SLOVENICA = ACTA CHIM SLOV
ACTA CHIRURGIAE PLASTICAE = ACTA CHIR PLAST
ACTA CHIRURGICA AUSTRIACA = ACTA CHIR AUSTRIACA
ACTA CHIRURGICA BELGICA = ACTA CHIR BELG
ACTA CHIRURGICA SCANDINAVICA = ACTA CHIR SCAND
ACTA CHIRURGICA-THE EUROPEAN JOURNAL OF SURGERY = ACTA CHIR-EUR J SURG
ACTA CIENTIFICA VENEZOLANA = ACTA CIENT VENEZ
ACTA CLINICA BELGICA = ACTA CLIN BELG
ACTA CRYSTALLOGRAPHICA SECTION A = ACTA CRYSTALLOGR A
ACTA CRYSTALLOGRAPHICA SECTION B-STRUCTURAL SCIENCE = ACTA CRYSTALLOGR B
ACTA CRYSTALLOGRAPHICA SECTION C-CRYSTAL STRUCTURE COMMUNICATIONS = ACTA CRYSTALLOGR C
ACTA CRYSTALLOGRAPHICA SECTION D-BIOLOGICAL CRYSTALLOGRAPHY = ACTA CRYSTALLOGR D
ACTA CYTOLOGICA = ACTA CYTOL
ACTA DERMATO-VENEREOLOGICA = ACTA DERM-VENEREOL
ACTA DIABETOLOGICA = ACTA DIABETOL
ACTA DIABETOLOGICA LATINA = ACTA DIABETOL LAT
ACTA ELECTRONICA = ACTA ELECTRON
ACTA ENDOCRINOLOGICA = ACTA ENDOCRINOL-COP
ACTA ENTOMOLOGICA BOHEMOSLOVACA = ACTA ENTOMOL BOHEMOS
ACTA ENTOMOLOGICA SINICA = ACTA ENTOMOL SINICA
ACTA FACULTATIS RERUM NATURALIUM UNIVERSITATIS COMENIANAE SERIES PHYSIOLOGIA PLANTARUM = ACTA FAC RERUM PHY
ACTA FACULTATIS RERUM NATURALIUM UNIVERSITATIS COMENIANAE SERIES ZOOLOGIA = ACTA FAC RERUM ZOO
ACTA GASTRO-ENTEROLOGICA BELGICA = ACTA GASTRO-ENT BELG
ACTA GENETICAE MEDICAE ET GEMELLOLOGIAE = ACTA GENET MED GEMEL
ACTA GEOLOGICA SINICA = ACTA GEOL SIN-ENGL
ACTA GEOLOGICA SINICA-ENGLISH EDITION = ACTA GEOL SIN-ENGL
ACTA GEOPHYSICA SINICA = ACTA GEOPHYS SINICA
ACTA HAEMATOLOGICA = ACTA HAEMATOL-BASEL
ACTA HAEMATOLOGICA JAPONICA = ACTA HAEMATOL JAPON
ACTA HISTOCHEMICA = ACTA HISTOCHEM
ACTA HISTOCHEMICA ET CYTOCHEMICA = ACTA HISTOCHEM CYTOC
ACTA HYDROCHIMICA ET HYDROBIOLOGICA = ACTA HYDROCH HYDROB
ACTA INFORMATICA = ACTA INFORM
ACTA MATERIALIA = ACTA MATER
ACTA MATHEMATICA = ACTA MATH-DJURSHOLM
ACTA MATHEMATICA ACADEMIAE SCIENTIARUM HUNGARICAE = ACTA MATH ACAD SCI H
ACTA MATHEMATICA HUNGARICA = ACTA MATH HUNG
ACTA MATHEMATICA SCIENTIA = ACTA MATH SCI
ACTA MATHEMATICA SINICA-ENGLISH SERIES = ACTA MATH SIN
ACTA MATHEMATICA SINICA-NEW SERIES = ACTA MATH SIN
ACTA MECHANICA = ACTA MECH
ACTA MECHANICA SINICA = ACTA MECH SINICA
ACTA MECHANICA SOLIDA SINICA = ACTA MECH SOLIDA SIN
ACTA MEDICA ACADEMIAE SCIENTIARUM HUNGARICAE = ACTA MED HUNG
ACTA MEDICA AUSTRIACA = ACTA MED AUST
ACTA MEDICA HUNGARICA = ACTA MED HUNG
ACTA MEDICA OKAYAMA = ACTA MED OKAYAMA
ACTA MEDICA POLONA = ACTA MED POL
ACTA MEDICA SCANDINAVICA = ACTA MED SCAND
ACTA METALLURGICA = ACTA METALL MATER
ACTA METALLURGICA ET MATERIALIA = ACTA METALL MATER
ACTA MICROBIOLOGICA ACADEMIAE SCIENTIARUM HUNGARICAE = ACTA MICROBIOL HUNG
ACTA MICROBIOLOGICA HUNGARICA = ACTA MICROBIOL HUNG
ACTA MICROBIOLOGICA POLONICA = ACTA MICROBIOL POL
ACTA MORPHOLOGICA ACADEMIAE SCIENTIARUM HUNGARICAE = ACTA MORPHOL HUNG
ACTA MORPHOLOGICA HUNGARICA = ACTA MORPHOL HUNG
ACTA MORPHOLOGICA NEERLANDO-SCANDINAVICA = ACTA MORPHOL NEER SC
ACTA MOZARTIANA = ACTA MOZARTIANA
ACTA MUSICOLOGICA = ACTA MUSICOLOGICA
ACTA NEUROBIOLOGIAE EXPERIMENTALIS = ACTA NEUROBIOL EXP
ACTA NEUROCHIRURGICA = ACTA NEUROCHIR
ACTA NEUROLOGICA = ACTA NEUROL
ACTA NEUROLOGICA BELGICA = ACTA NEUROL BELG
ACTA NEUROLOGICA SCANDINAVICA = ACTA NEUROL SCAND
ACTA NEUROPATHOLOGICA = ACTA NEUROPATHOL
ACTA NEUROPSYCHIATRICA = ACTA NEUROPSYCHIATR
ACTA OBSTETRICA ET GYNAECOLOGICA JAPONICA = ACTA OBSTET GYN JPN
ACTA OBSTETRICIA ET GYNECOLOGICA SCANDINAVICA = ACTA OBSTET GYN SCAN
ACTA ODONTOLOGICA SCANDINAVICA = ACTA ODONTOL SCAND
ACTA OECOLOGICA-INTERNATIONAL JOURNAL OF ECOLOGY = ACTA OECOL
ACTA OECOLOGICA-OECOLOGIA APPLICATA = ACTA OECOL-OEC APPL
ACTA OECOLOGICA-OECOLOGIA GENERALIS = ACTA OECOL-OEC GEN
ACTA OECOLOGICA-OECOLOGIA PLANTARUM = ACTA OECOL-OEC PLANT
ACTA OECONOMICA = ACTA OECON
ACTA ONCOLOGICA = ACTA ONCOL
ACTA OPHTHALMOLOGICA = ACTA OPHTHALMOL
ACTA OPHTHALMOLOGICA SCANDINAVICA = ACTA OPHTHALMOL SCAN
ACTA ORTHOPAEDICA SCANDINAVICA = ACTA ORTHOP SCAND
ACTA OTO-LARYNGOLOGICA = ACTA OTO-LARYNGOL
ACTA PAEDIATRICA = ACTA PAEDIATR
ACTA PAEDIATRICA JAPONICA = ACTA PAEDIATR JAPON
ACTA PAEDIATRICA SCANDINAVICA = ACTA PAEDIATR SCAND
ACTA PALAEONTOLOGICA POLONICA = ACTA PALAEONTOL POL
ACTA PARASITOLOGICA = ACTA PARASITOL
ACTA PATHOLOGICA ET MICROBIOLOGICA SCANDINAVICA SECTION A-PATHOLOGY = ACTA PATH MICRO IM A
ACTA PATHOLOGICA ET MICROBIOLOGICA SCANDINAVICA SECTION B-MICROBIOLOGY = ACTA PATH MICRO IM B
ACTA PATHOLOGICA ET MICROBIOLOGICA SCANDINAVICA SECTION C-IMMUNOLOGY = ACTA PATH MICRO IM C
ACTA PATHOLOGICA JAPONICA = ACTA PATHOL JAPON
ACTA PATHOLOGICA MICROBIOLOGICA ET IMMUNOLOGICA SCANDINAVICA SECTION A-PATHOLOGY = ACTA PATH MICRO IM A
ACTA PATHOLOGICA MICROBIOLOGICA ET IMMUNOLOGICA SCANDINAVICA SECTION B-MICROBIOLOGY = ACTA PATH MICRO IM B
ACTA PATHOLOGICA MICROBIOLOGICA ET IMMUNOLOGICA SCANDINAVICA SECTION C-IMMUNOLOGY = ACTA PATH MICRO IM C
ACTA PHARMACEUTICA = ACTA PHARMACEUT
ACTA PHARMACEUTICA JUGOSLAVICA = ACTA PHARM JUGOSL
ACTA PHARMACEUTICA NORDICA = ACTA PHARM NORDICA
ACTA PHARMACEUTICA SUECICA = ACTA PHARM SUEC
ACTA PHARMACEUTICA TECHNOLOGICA-INTERNATIONAL JOURNAL OF DRUG FORUMLATION AND BIOPHARMACEUTICS = ACTA PHARM TECHNOL
ACTA PHARMACOLOGICA ET TOXICOLOGICA = ACTA PHARMACOL TOX
ACTA PHARMACOLOGICA SINICA = ACTA PHARM SINIC
ACTA PHARMACOLOGICA SINICA = ACTA PHARMACOL SIN
ACTA PHYSICA ACADEMIAE SCIENTIARUM HUNGARICAE = ACTA PHYS HUNG
ACTA PHYSICA AUSTRIACA = ACTA PHYS AUSTRIACA
ACTA PHYSICA ET CHEMICA = ACTA PHYS CHEM
ACTA PHYSICA HUNGARICA = ACTA PHYS HUNG
ACTA PHYSICA HUNGARICA NEW SERIES-HEAVY ION PHYSICS = ACTA PHYS HUNG NS-H
ACTA PHYSICA POLONICA A = ACTA PHYS POL A
ACTA PHYSICA POLONICA B = ACTA PHYS POL B
ACTA PHYSICA SINICA = ACTA PHYS SIN-CH ED
ACTA PHYSICA SINICA-OVERSEAS EDITION = ACTA PHYS SIN-OV ED
ACTA PHYSICA SLOVACA = ACTA PHYS SLOVACA
ACTA PHYSICO-CHIMICA SINICA = ACTA PHYS-CHIM SIN
ACTA PHYSIOLOGIAE PLANTARUM = ACTA PHYSIOL PLANT
ACTA PHYSIOLOGICA ACADEMIAE SCIENTIARUM HUNGARICAE = ACTA PHYSIOL HUNG
ACTA PHYSIOLOGICA ET PHARMACOLOGICA LATINOAMERICANA = ACTA PHYSIOL PHARM L
ACTA PHYSIOLOGICA HUNGARICA = ACTA PHYSIOL HUNG
ACTA PHYSIOLOGICA LATINOAMERICANA = ACTA PHYSIOL LAT AM
ACTA PHYSIOLOGICA SCANDINAVICA = ACTA PHYSIOL SCAND
ACTA PHYTOPATHOLOGICA ACADEMIAE SCIENTIARUM HUNGARICAE = ACTA PHYTOPATHOL HUN
ACTA PHYTOPATHOLOGICA ET ENTOMOLOGICA HUNGARICA = ACTA PHYTOPATHOL HUN
ACTA POLONIAE HISTORICA = ACTA POL HIST
ACTA POLONIAE PHARMACEUTICA = ACTA POL PHARM
ACTA POLYMERICA = ACTA POLYM
ACTA POLYMERICA SINICA = ACTA POLYM SIN
ACTA POLYTECHNICA SCANDINAVICA-APPLIED PHYSICS SERIES = ACTA POLYTECH SC AP
ACTA POLYTECHNICA SCANDINAVICA-CHEMICAL TECHNOLOGY SERIES = ACTA POLYTECH SC CH
ACTA POLYTECHNICA SCANDINAVICA-CIVIL ENGINEERING AND BUILDING CONSTRUCTION SERIES = ACTA POLYTECH SC CI
ACTA POLYTECHNICA SCANDINAVICA-ELECTRICAL ENGINEERING SERIES = ACTA POLYTECH SC EL
ACTA POLYTECHNICA SCANDINAVICA-MATHEMATICS AND COMPUTER SCIENCE SERIES = ACTA POLYTECH SC MA
ACTA POLYTECHNICA SCANDINAVICA-MECHANICAL ENGINEERING SERIES = ACTA POLYTECH SC ME
ACTA PROTOZOOLOGICA = ACTA PROTOZOOL
ACTA PSYCHIATRICA SCANDINAVICA = ACTA PSYCHIAT SCAND
ACTA PSYCHOLOGICA = ACTA PSYCHOL
ACTA RADIOLOGICA = ACTA RADIOL
ACTA RADIOLOGICA ONCOLOGY = ACTA ONCOL
ACTA RADIOLOGICA ONCOLOGY = ACTA RADIOL ONCOL
ACTA RADIOLOGICA-DIAGNOSIS = ACTA RADIOL
ACTA RADIOLOGICA-DIAGNOSIS = ACTA RADIOL DIAGN
ACTA SCIENTIARUM MATHEMATICARUM = ACTA SCI MATH
ACTA SOCIETATIS BOTANICORUM POLONIAE = ACTA SOC BOT POL
ACTA SOCIOLOGICA = ACTA SOCIOL
ACTA TECHNICA ACADEMIAE SCIENTIARUM HUNGARICAE = ACTA TECH HUNG
ACTA THERAPEUTICA = ACTA THERAP
ACTA THERIOLOGICA = ACTA THERIOL
ACTA TROPICA = ACTA TROP
ACTA VETERINARIA ACADEMIAE SCIENTIARUM HUNGARICAE = ACTA VET ACAD SCI H
ACTA VETERINARIA BRNO = ACTA VET BRNO
ACTA VETERINARIA HUNGARICA = ACTA VET HUNG
ACTA VETERINARIA SCANDINAVICA = ACTA VET SCAND
ACTA VETERINARIA-BEOGRAD = ACTA VET-BEOGRAD
ACTA VIROLOGICA = ACTA VIROL
ACTA ZOOLOGICA = ACTA ZOOL-STOCKHOLM
ACTA ZOOLOGICA ACADEMIAE SCIENTIARUM HUNGARICAE = ACTA ZOOL ACAD SCI H
ACTA ZOOLOGICA ACADEMIAE SCIENTIARUM HUNGARICAE = ACTA ZOOL HUNG
ACTA ZOOLOGICA ET PATHOLOGICA ANTVERPIENSIA = ACTA ZOOL PATHOL ANT
ACTA ZOOLOGICA HUNGARICA = ACTA ZOOL HUNG
ACTA ZOOLOGICA SINICA = ACTA ZOOL SINICA
ACTAS ESPANOLAS DE PSIQUIATRIA = ACTAS ESP PSIQUIATRI
ACTAS LUSO-ESPANOLAS DE NEUROLOGIA PSIQUIATRIA Y CIENCIAS AFINES = ACTAS LUSO-ESP NEUR
ACTES DE LA RECHERCHE EN SCIENCES SOCIALES = ACTES RECH SCI SOC
ACTIVITAS NERVOSA SUPERIOR = ACTIV NERV SUPER
ACTUALITE CHIMIQUE = ACTUAL CHIMIQUE
ACTUALITES ODONTO-STOMATOLOGIQUES = ACTUAL ODONTO-STOMAT
ACUPUNCTURE & ELECTRO-THERAPEUTICS RESEARCH = ACUPUNCTURE ELECTRO
ACUSTICA = ACUSTICA
ACUTE CARE = ACUTE CARE
ADAPTED PHYSICAL ACTIVITY QUARTERLY = ADAPT PHYS ACT Q
ADAPTIVE BEHAVIOR = ADAPT BEHAV
ADAPTIVE PROCESSING OF SEQUENCES AND DATA STRUCTURES = LECT NOTES ARTIF INT
ADDICTION = ADDICTION
ADDICTION BIOLOGY = ADDICT BIOL
ADDICTION RESEARCH = ADDICT RES
ADDICTIVE BEHAVIORS = ADDICT BEHAV
ADHESIVES AGE = ADHES AGE
ADMINISTRATION & SOCIETY = ADMIN SOC
ADMINISTRATION AND POLICY IN MENTAL HEALTH = ADM POLICY MENT HLTH
ADMINISTRATION IN SOCIAL WORK = ADMIN SOC WORK
ADMINISTRATIVE LAW REVIEW = ADMIN LAW REV
ADMINISTRATIVE SCIENCE QUARTERLY = ADMIN SCI QUART
ADOLESCENCE = ADOLESCENCE
ADOLESCENT AND PEDIATRIC GYNECOLOGY = ADOLESCENT PEDIAT G
ADOLESCENT PSYCHIATRY = ADOLESCENT PSYCHIAT
ADSORPTION SCIENCE & TECHNOLOGY = ADSORPT SCI TECHNOL
ADSORPTION-JOURNAL OF THE INTERNATIONAL ADSORPTION SOCIETY = ADSORPTION
ADULT EDUCATION QUARTERLY = ADULT EDUC QUART
ADVANCED CEMENT BASED MATERIALS = ADV CEM BASED MATER
ADVANCED CERAMIC MATERIALS = ADV CERAM MATER
ADVANCED COMPOSITE MATERIALS = ADV COMPOS MATER
ADVANCED COMPOSITES LETTERS = ADV COMPOS LETT
ADVANCED DRUG DELIVERY REVIEWS = ADV DRUG DELIVER REV
ADVANCED MATERIALS = ADV MATER
ADVANCED MATERIALS & PROCESSES = ADV MATER PROCESS
ADVANCED MATERIALS FOR OPTICS AND ELECTRONICS = ADV MATER OPT ELECTR
ADVANCED PERFORMANCE MATERIALS = ADV PERFORM MATER
ADVANCED POWDER TECHNOLOGY = ADV POWDER TECHNOL
ADVANCED ROBOTICS = ADV ROBOTICS
ADVANCES IN AGRONOMY = ADV AGRON
ADVANCES IN ANATOMIC PATHOLOGY = ADV ANAT PATHOL
ADVANCES IN ANATOMY EMBRYOLOGY AND CELL BIOLOGY = ADV ANAT EMBRYOL CEL
ADVANCES IN APPLIED MATHEMATICS = ADV APPL MATH
ADVANCES IN APPLIED MECHANICS = ADV APPL MECH
ADVANCES IN APPLIED MICROBIOLOGY = ADV APPL MICROBIOL
ADVANCES IN APPLIED PROBABILITY = ADV APPL PROBAB
ADVANCES IN ATMOSPHERIC SCIENCES = ADV ATMOS SCI
ADVANCES IN ATOMIC AND MOLECULAR PHYSICS = ADV ATOM MOL PHYS
ADVANCES IN ATOMIC MOLECULAR AND OPTICAL PHYSICS = ADV ATOM MOL OPT PHY
ADVANCES IN ATOMIC, MOLECULAR, AND OPTICAL PHYSICS = ADV ATOM MOL OPT PHY
ADVANCES IN BEHAVIORAL PHARMACOLOGY = ADV BEHAV PHARMACOL
ADVANCES IN BEHAVIOUR RESEARCH AND THERAPY = ADV BEHAV RES THER
ADVANCES IN BIOCHEMICAL PSYCHOPHARMACOLOGY = ADV BIOCHEM PSYCHOPH
ADVANCES IN BIOPHYSICS = ADV BIOPHYS
ADVANCES IN BLADDER RESEARCH = ADV EXP MED BIOL
ADVANCES IN BOTANICAL RESEARCH = ADV BOT RES
ADVANCES IN BOTANICAL RESEARCH INCORPORATING ADVANCES IN PLANT PATHOLOGY = ADV BOT RES
ADVANCES IN BRAIN VASOPRESSIN = PROG BRAIN RES
ADVANCES IN CANCER RESEARCH = ADV CANCER RES
ADVANCES IN CARBOHYDRATE CHEMISTRY AND BIOCHEMISTRY = ADV CARBOHYD CHEM BI
ADVANCES IN CASE-BASED REASONING = LECT NOTES ARTIF INT
ADVANCES IN CATALYSIS = ADV CATAL
ADVANCES IN CEMENT RESEARCH = ADV CEM RES
ADVANCES IN CHEMICAL CONVERSIONS FOR MITIGATING CARBON DIOXIDE = STUD SURF SCI CATAL
ADVANCES IN CHEMICAL PHYSICS = ADV CHEM PHYS
ADVANCES IN CHEMISTRY SERIES = ADV CHEM SER
ADVANCES IN CHILD DEVELOPMENT AND BEHAVIOR = ADV CHILD DEV BEHAV
ADVANCES IN CHROMATOGRAPHY = ADV CHROMATOGR
ADVANCES IN CIRRHOSIS, HYPERAMMONEMIA, AND HEPATIC ENCEPHALOPATHY = ADV EXP MED BIOL
ADVANCES IN CLINICAL CHEMISTRY = ADV CLIN CHEM
ADVANCES IN CLINICAL CHILD PSYCHOLOGY = ADV CLIN CHILD PSYCH
ADVANCES IN COLLOID AND INTERFACE SCIENCE = ADV COLLOID INTERFAC
ADVANCES IN COMPARATIVE PHYSIOLOGY AND BIOCHEMISTRY = ADV COMP PHYSIOL BIO
ADVANCES IN COMPUTATIONAL MATHEMATICS = ADV COMPUT MATH
ADVANCES IN COMPUTERS = ADV COMPUT
ADVANCES IN CONSUMER RESEARCH = ADV CONSUM RES
ADVANCES IN CONTRACEPTION = ADV CONTRACEPT
ADVANCES IN CRYSTAL GROWTH = MATER SCI FORUM
ADVANCES IN CYCLIC NUCLEOTIDE AND PROTEIN PHOSPHORYLATION RESEARCH = ADV CYCLIC NUCL PROT
ADVANCES IN CYCLIC NUCLEOTIDE RESEARCH = ADV CYCLIC NUCL RES
ADVANCES IN EARTH ORIENTED APPLICATIONS OF SPACE TECHNOLOGY = ADV EARTH ORIENT SP
ADVANCES IN ECOLOGICAL RESEARCH = ADV ECOL RES
ADVANCES IN ECONOMETRICS = ADV ECONOM
ADVANCES IN ECONOMETRICS : A RESEARCH ANNUAL = ADV E
ADVANCES IN ELECTROCHEMISTRY AND ELECTROCHEMICAL ENGINEERING = ADV ELECTROCH EL ENG
ADVANCES IN ELECTRONICS AND ELECTRON PHYSICS = ADV ELECTRON EL PHYS
ADVANCES IN ENGINEERING SOFTWARE = ADV ENG SOFTW
ADVANCES IN ENGINEERING SOFTWARE AND WORKSTATIONS = ADV ENG SOFTW WORKST
ADVANCES IN ENVIRONMENTAL RESEARCH = ADV ENVIRON RES
ADVANCES IN ENZYME REGULATION = ADV ENZYME REGUL
ADVANCES IN ENZYMOLOGY AND RELATED AREAS OF MOLECULAR BIOLOGY = ADV ENZYMOL RAMB
ADVANCES IN EXPERIMENTAL MEDICINE AND BIOLOGY = ADV EXP MED BIOL
ADVANCES IN EXPERIMENTAL SOCIAL PSYCHOLOGY = ADV EXP SOC PSYCHOL
ADVANCES IN FOOD RESEARCH = ADV FOOD RES
ADVANCES IN FREE RADICAL BIOLOGY AND MEDICINE = ADV FREE RADICAL BIO
ADVANCES IN GENETICS = ADV GENET
ADVANCES IN GENETICS INCORPORATING MOLECULAR GENETIC MEDICINE = ADV GENET
ADVANCES IN GEOPHYSICS = ADV GEOPHYS
ADVANCES IN HETEROCYCLIC CHEMISTRY = ADV HETEROCYCL CHEM
ADVANCES IN HUMAN GENETICS = ADV HUM GENET
ADVANCES IN HYDROSCIENCE = ADV HYDROSCI
ADVANCES IN IMAGING AND ELECTRON PHYSICS = ADV IMAG ELECT PHYS
ADVANCES IN IMAGING AND ELECTRON PHYSICS = ADV IMAG ELECTR PHYS
ADVANCES IN IMMUNOLOGY = ADV IMMUNOL
ADVANCES IN INORGANIC BIOCHEMISTRY = ADV INORG BIOCHEM
ADVANCES IN INORGANIC CHEMISTRY = ADV INORG CHEM
ADVANCES IN INORGANIC CHEMISTRY = ADV INORG CHEM RAD
ADVANCES IN INSECT PHYSIOLOGY = ADV INSECT PHYSIOL
ADVANCES IN INTERNAL MEDICINE = ADV INTERNAL MED
ADVANCES IN LIPID RESEARCH = ADV LIPID RES
ADVANCES IN LIQUID CRYSTALS = ADV LIQ CRYST
ADVANCES IN MAGNETIC RESONANCE = ADV MAGN RESON
ADVANCES IN MARINE BIOLOGY = ADV MAR BIOL
ADVANCES IN MATHEMATICS = ADV MATH
ADVANCES IN MICROBIAL ECOLOGY = ADV MICROB ECOL
ADVANCES IN MICROBIAL PHYSIOLOGY = ADV MICROB PHYSIOL
ADVANCES IN MICROCIRCULATION = ADV MICROCIRCULAT
ADVANCES IN MOLECULAR RELAXATION AND INTERACTION PROCESSES = ADV MOL RELAX INT PR
ADVANCES IN NEUROIMMUNOLOGY = ADV NEUROIMMUNOL
ADVANCES IN NEUROLOGY = ADV NEUROL
ADVANCES IN NUCLEAR PHYSICS = ADV NUCL PHYS
ADVANCES IN NURSING SCIENCE = ADV NURS SCI
ADVANCES IN NUTRITIONAL RESEARCH = ADV NUTR RES
ADVANCES IN ORGANOMETALLIC CHEMISTRY = ADV ORGANOMET CHEM
ADVANCES IN OTO-RHINO-LARYNGOLOGY = ADV OTO-RHINO-LARYNG
ADVANCES IN PAIN RESEARCH AND THERAPY = ADV PAIN RES THER
ADVANCES IN PARASITOLOGY = ADV PARASIT
ADVANCES IN PEDIATRIC PULMONOLOGY = PEDIAT ADOL
ADVANCES IN PHARMACOLOGY AND CHEMOTHERAPY = ADV PHARMACOL CHEMOT
ADVANCES IN PHYSICAL ORGANIC CHEMISTRY = ADV PHYS ORG CHEM
ADVANCES IN PHYSICS = ADV PHYS
ADVANCES IN PHYSIOLOGY EDUCATION = ADV PHYSIOL EDUC
ADVANCES IN POLYAMINE RESEARCH = ADV POLYAMINE RES
ADVANCES IN POLYMER SCIENCE = ADV POLYM SCI
ADVANCES IN POLYMER TECHNOLOGY = ADV POLYM TECH
ADVANCES IN PROSTAGLANDIN THROMBOXANE AND LEUKOTRIENE RESEARCH = ADV PROSTAG THROMB L
ADVANCES IN PROTEIN CHEMISTRY = ADV PROTEIN CHEM
ADVANCES IN QUANTUM CHEMISTRY = ADV QUANTUM CHEM
ADVANCES IN RADIATION BIOLOGY = ADV RADIAT BIOL
ADVANCES IN RENAL REPLACEMENT THERAPY = ADV RENAL REPLACE TH
ADVANCES IN SECOND MESSENGER AND PHOSPHOPROTEIN RESEARCH = ADV SEC MESS PHOSPH
ADVANCES IN SERVICES MARKETING AND MANAGEMENT = ADV SERV MARK MAN
ADVANCES IN SPACE RESEARCH = ADV SPACE RES
ADVANCES IN STRATEGIC MANAGEMENT = ADV STRATEG MANAGE
ADVANCES IN THE STUDY OF BEHAVIOR = ADV STUD BEHAV
ADVANCES IN THERAPY = ADV THER
ADVANCES IN URETHANE SCIENCE AND TECHNOLOGY = ADV URETHANE SCI TEC
ADVANCES IN VETERINARY MEDICINE ACADEMIC PRESS = ADV VETER MED AP
ADVANCES IN VETERINARY SCIENCE AND COMPARATIVE MEDICINE = ADV VET SCI COMP MED
ADVANCES IN VIRUS RESEARCH = ADV VIRUS RES
ADVANCES IN WATER RESOURCES = ADV WATER RESOUR
ADVANCES IN X-RAY ANALYSIS = ADV X RAY ANAL
ADVERSE DRUG REACTIONS AND TOXICOLOGICAL REVIEWS = ADVERSE DRUG REACT T
AEI AUTOMAZIONE ENERGIA INFORMAZIONE = AEI AUTOM ENERG INF
AERONAUTICAL JOURNAL = AERONAUT J
AERONAUTICAL QUARTERLY = AERONAUT QUART
AEROSOL SCIENCE AND TECHNOLOGY = AEROSOL SCI TECH
AEROSPACE = AEROSPACE
AEROSPACE AMERICA = AEROSPACE AM
AEROSPACE ENGINEERING = AEROSPACE ENG
AEROSPACE SCIENCE AND TECHNOLOGY = AEROSP SCI TECHNOL
AESTHETIC PLASTIC SURGERY = AESTHET PLAST SURG
AEU-ARCHIV FUR ELEKTRONIK UND UBERTRAGUNGSTECHNIK-INTERNATIONAL JOURNAL OF ELECTRONICS AND COMMUNICATIONS = AEU-ARCH ELEKTRON UB
AEU-INTERNATIONAL JOURNAL OF ELECTRONICS AND COMMUNICATIONS = AEU-INT J ELECTRON C
AEVUM-RASSEGNA DI SCIENZE STORICHE LINGUISTICHE E FILOLOGICHE = AEVUM-RASS SCI STOR
AFFILIA-JOURNAL OF WOMEN AND SOCIAL WORK = AFFILIA J WOM SOC WO
AFINIDAD = AFINIDAD
AFIPS CONFERENCE PROCEEDINGS = AFIPS CONF P
AFRICA = AFRICA
AFRICA TODAY = AFR TODAY
AFRICAN AFFAIRS = AFR AFFAIRS
AFRICAN AMERICAN REVIEW = AFR AM REV
AFRICAN ARTS = AFR ARTS
AFRICAN ECONOMIC HISTORY = AFR ECON HIST
AFRICAN ENTOMOLOGY = AFR ENTOMOL
AFRICAN JOURNAL OF CLINICAL AND EXPERIMENTAL IMMUNOLOGY = AFR J CLIN EXP IMMUN
AFRICAN JOURNAL OF ECOLOGY = AFR J ECOL
AFRICAN STUDIES = AFR STUD
AGE = AGE
AGE AND AGEING = AGE AGEING
AGEING AND SOCIETY = AGEING SOC
AGENDA = AGENDA
AGENTS AND ACTIONS = AGENTS ACTIONS
AGGRESSION AND VIOLENT BEHAVIOR = AGGRESS VIOLENT BEH
AGGRESSIVE BEHAVIOR = AGGRESSIVE BEHAV
AGING & MENTAL HEALTH = AGING MENT HEALTH
AGING AND COGNITION = AGING COGNITION
AGING AND WORKING CAPACITY = WHO TECH REP SER
AGING CLOCK = ANN NY ACAD SCI
AGING NEUROPSYCHOLOGY AND COGNITION = AGING NEUROPSYCHOL C
AGING-CLINICAL AND EXPERIMENTAL RESEARCH = AGING-CLIN EXP RES
AGN/NORMAL GALAXY CONNECTION = ADV SPACE RES
AGRARTECHNIK = AGRARTECHNIK
AGRARTORTENETI SZEMLE = AGRARTORT SZEMLE
AGRI-PRACTICE = AGRI-PRACTICE
AGRIBIOLOGICAL RESEARCH-ZEITSCHRIFT FUR AGRARBIOLOGIE AGRIKULTURCHEMIE OKOLOGIE = AGRIBIOL RES
AGRICULTURA DE LAS AMERICAS = AGR AM
AGRICULTURAL ADMINISTRATION = AGR ADMIN EXT
AGRICULTURAL ADMINISTRATION AND EXTENSION = AGR ADMIN EXT
AGRICULTURAL AND BIOLOGICAL CHEMISTRY = AGR BIOL CHEM TOKYO
AGRICULTURAL AND FOOD SCIENCE IN FINLAND = AGR FOOD SCI FINLAND
AGRICULTURAL AND FOREST METEOROLOGY = AGR FOREST METEOROL
AGRICULTURAL ECONOMICS = AGR ECON
AGRICULTURAL ECONOMICS RESEARCH = AGR ECON RES
AGRICULTURAL EDUCATION MAGAZINE = AGR EDUC MAG
AGRICULTURAL ENGINEERING = AGR ENG
AGRICULTURAL HISTORY = AGR HIST
AGRICULTURAL HISTORY REVIEW = AGR HIST REV
AGRICULTURAL MATERIALS AS RENEWABLE RESOURCES = ACS SYM SER
AGRICULTURAL METEOROLOGY = AGR METEOROL
AGRICULTURAL RECORD = AGR REC
AGRICULTURAL RESEARCH = AGR RES
AGRICULTURAL SCIENCE IN FINLAND = AGR SCI FINLAND
AGRICULTURAL SYSTEMS = AGR SYST
AGRICULTURAL USES OF BY-PRODUCTS AND WASTES = ACS SYM SER
AGRICULTURAL WASTES = AGR WASTES
AGRICULTURAL WATER MANAGEMENT = AGR WATER MANAGE
AGRICULTURE AND ENVIRONMENT = AGR ENVIRON
AGRICULTURE ECOSYSTEMS & ENVIRONMENT = AGR ECOSYST ENVIRON
AGRICULTURE IN EGYPT = P BRIT ACAD
AGRICULTURE IN NORTHERN IRELAND = AGR NORTHERN IRELAND
AGRO FOOD INDUSTRY HI-TECH = AGRO FOOD IND HI TEC
AGRO-ECOSYSTEMS = AGRO-ECOSYSTEMS
AGROBOREALIS = AGROBOREALIS
AGROCHIMICA = AGROCHIMICA
AGROFORESTRY SYSTEMS = AGROFOREST SYST
AGROKEMIA ES TALAJTAN = AGROKEM TALAJTAN
AGROLOGIST = AGROLOGIST
AGRONOMIA COSTARRICENSE = AGRON COSTARRIC
AGRONOMIE = AGRONOMIE
AGRONOMIE TROPICALE = AGRON TROP
AGRONOMY JOURNAL = AGRON J
AI APPLICATIONS = AI APPLICATIONS
AI APPLICATIONS IN NATURAL RESOURCE MANAGEMENT = AI APPL NAT RES MAN
AI COMMUNICATIONS = AI COMMUN
AI EDAM-ARTIFICIAL INTELLIGENCE FOR ENGINEERING DESIGN ANALYSIS AND MANUFACTURING = AI EDAM
AI MAGAZINE = AI MAG
AIAA JOURNAL = AIAA J
AICHE JOURNAL = AICHE J
AIDS = AIDS
AIDS & PUBLIC POLICY JOURNAL = AIDS PUBLIC POLICY J
AIDS CARE-PSYCHOLOGICAL AND SOCIO-MEDICAL ASPECTS OF AIDS/HIV = AIDS CARE
AIDS EDUCATION AND PREVENTION = AIDS EDUC PREV
AIDS PATIENT CARE = AIDS PATIENT CARE
AIDS PATIENT CARE AND STDS = AIDS PATIENT CARE ST
AIDS RESEARCH = AIDS RES HUM RETROV
AIDS RESEARCH AND HUMAN RETROVIRUSES = AIDS RES HUM RETROV
AIIE TRANSACTIONS = AIIE T
AIP CONFERENCE PROCEEDINGS = AIP CONF PROC
AIR PROGRESS = AIR PROG
AIR TRANSPORTATION = TRANSPORT RES REC
AIRCRAFT & AEROSPACE ASIA-PACIFIC = AIRCR AEROSP ASIA-PA
AIRCRAFT ENGINEERING AND AEROSPACE TECHNOLOGY = AIRCR ENG AEROSP TEC
AKTUELLE CHIRURGIE = AKTUEL CHIR
AKTUELLE ERNAHRUNGSMEDIZIN = AKTUEL ERNAHRUNGSMED
AKTUELLE NEUROLOGIE = AKTUEL NEUROL
AKTUELLE RHEUMATOLOGIE = AKTUEL RHEUMATOL
AKTUELLE UROLOGIE = AKTUEL UROL
AKZENTE-ZEITSCHRIFT FUR LITERATUR = AKZENTE-Z LIT
AL-QANTARA = AL-QANTARA
ALABAMA AGRICULTURAL EXPERIMENT STATION BULLETIN = ALA AGR EXP STA BULL
ALABAMA AGRICULTURAL EXPERIMENT STATION PROGRESS REPORT SERIES = ALA AGR EXP STA PROG
ALABAMA JOURNAL OF MEDICAL SCIENCES = ALA J MED SCI
ALABAMA MARINE RESOURCES BULLETIN = ALA MAR RESOUR BULL
ALASKA AGRICULTURAL AND FORESTRY EXPERIMENT STATION BULLETIN = ALASKA AFES BULL
ALBERTA JOURNAL OF EDUCATIONAL RESEARCH = ALBERTA J EDUC RES
ALBION = ALBION
ALCATEL TELECOMMUNICATIONS REVIEW = ALCATEL TELECOMMUN R
ALCHERINGA = ALCHERINGA
ALCOHOL = ALCOHOL
ALCOHOL AND ALCOHOLISM = ALCOHOL ALCOHOLISM
ALCOHOL AND DRUG RESEARCH = ALCOHOL DRUG RES
ALCOHOL HEALTH & RESEARCH WORLD = ALCOHOL HEALTH RES W
ALCOHOL RESEARCH & HEALTH = ALCOHOL RES HEALTH
ALCOHOLISM-CLINICAL AND EXPERIMENTAL RESEARCH = ALCOHOL CLIN EXP RES
ALDRICHIMICA ACTA = ALDRICHIM ACTA
ALGEBRA COLLOQUIUM = ALGEBR COLLOQ
ALGEBRA UNIVERSALIS = ALGEBRA UNIV
ALGORITHMICA = ALGORITHMICA
ALIMENTA = ALIMENTA
ALIMENTARY PHARMACOLOGY & THERAPEUTICS = ALIMENT PHARM THERAP
ALLELOPATHY = ACS SYM SER
ALLERGOLOGIA ET IMMUNOPATHOLOGIA = ALLERGOL IMMUNOPATH
ALLERGOLOGIE = ALLERGOLOGIE
ALLERGY = ALLERGY
ALLERGY AND ASTHMA PROCEEDINGS = ALLERGY ASTHMA PROC
ALLERGY PROCEEDINGS = ALLERGY PROC
ALLGEMEINE FORST UND JAGDZEITUNG = ALLG FORST JAGDZTG
ALTA FREQUENZA = ALTA FREQ
ALTERNATIVE SOURCES OF ENERGY = ALTERNATIVE SOURC EN
ALTERNATIVE THERAPIES IN HEALTH AND MEDICINE = ALTERN THER HEALTH M
ALTERNATIVES JOURNAL = ALTERN J
ALTERNATIVES-PERSPECTIVES ON SOCIETY TECHNOLOGY AND ENVIRONMENT = ALTERN-P SOC TEC
ALTERNATIVES-SOCIAL TRANSFORMATION AND HUMANE GOVERNANCE = ALTERN-SOC TRANSFORM
ALTEX-ALTERNATIVEN ZU TIEREXPERIMENTEN = ALTEX-ALTERN TIEREXP
ALZHEIMER DISEASE & ASSOCIATED DISORDERS = ALZ DIS ASSOC DIS
ALZHEIMERS REPORTS = ALZHEIMERS REP
AMAZONIANA-LIMNOLOGIA ET OECOLOGIA REGIONALIS SYSTEMAE FLUMINIS AMAZONAS = AMAZONIANA
AMBIO = AMBIO
AMEGHINIANA = AMEGHINIANA
AMERASIA JOURNAL = AMERASIA J
AMERICAN ANNALS OF THE DEAF = AM ANN DEAF
AMERICAN ANTHROPOLOGIST = AM ANTHROPOL
AMERICAN ANTIQUITY = AM ANTIQUITY
AMERICAN ARCHIVIST = AM ARCHIVIST
AMERICAN ART JOURNAL = AM ART J
AMERICAN BANKRUPTCY LAW JOURNAL = AM BANKRUPT LAW J
AMERICAN BEE JOURNAL = AM BEE J
AMERICAN BEHAVIORAL SCIENTIST = AM BEHAV SCI
AMERICAN BIOLOGY TEACHER = AM BIOL TEACH
AMERICAN BIOTECHNOLOGY LABORATORY = AM BIOTECHNOL LAB
AMERICAN BOOK REVIEW = AM BOOK REV
AMERICAN BUSINESS LAW JOURNAL = AM BUS LAW J
AMERICAN CARTOGRAPHER = AM CARTOGRAPHER
AMERICAN CATHOLIC PHILOSOPHICAL QUARTERLY = AM CATH PHILOS QUART
AMERICAN CERAMIC SOCIETY BULLETIN = AM CERAM SOC BULL
AMERICAN CITY & COUNTY = AM CITY COUNTY
AMERICAN CRIMINAL LAW REVIEW = AM CRIM LAW REV
AMERICAN DYESTUFF REPORTER = AM DYEST REP
AMERICAN ECONOMIC REVIEW = AM ECON REV
AMERICAN EDUCATIONAL RESEARCH JOURNAL = AM EDUC RES J
AMERICAN ETHNOLOGIST = AM ETHNOL
AMERICAN FAMILY PHYSICIAN = AM FAM PHYSICIAN
AMERICAN FERN JOURNAL = AM FERN J
AMERICAN FORESTS = AM FORESTS
AMERICAN HEART JOURNAL = AM HEART J
AMERICAN HERITAGE = AM HERITAGE
AMERICAN HISTORICAL REVIEW = AM HIST REV
AMERICAN HISTORY = AM HIST
AMERICAN HISTORY ILLUSTRATED = AM HIST ILLUS
AMERICAN HORTICULTURIST = AM HORTIC
AMERICAN IMAGO = AM IMAGO
AMERICAN INDIAN AND ALASKA NATIVE MENTAL HEALTH RESEARCH = AM INDIAN ALASKA NAT
AMERICAN INDIAN CULTURE AND RESEARCH JOURNAL = AM INDIAN CULT RES J
AMERICAN INDUSTRIAL HYGIENE ASSOCIATION JOURNAL = AM IND HYG ASSOC J
AMERICAN JEWISH ARCHIVES = AM JEWISH ARCH
AMERICAN JEWISH HISTORY = AM JEWISH HIST
AMERICAN JOURNAL OF ACUPUNCTURE = AM J ACUPUNCTURE
AMERICAN JOURNAL OF AGRICULTURAL ECONOMICS = AM J AGR ECON
AMERICAN JOURNAL OF ALTERNATIVE AGRICULTURE = AM J ALTERNATIVE AGR
AMERICAN JOURNAL OF ANATOMY = AM J ANAT
AMERICAN JOURNAL OF ARCHAEOLOGY = AM J ARCHAEOL
AMERICAN JOURNAL OF ART THERAPY = AM J ART THER
AMERICAN JOURNAL OF BOTANY = AM J BOT
AMERICAN JOURNAL OF CARDIOLOGY = AM J CARDIOL
AMERICAN JOURNAL OF CHINESE MEDICINE = AM J CHINESE MED
AMERICAN JOURNAL OF CLINICAL HYPNOSIS = AM J CLIN HYPN
AMERICAN JOURNAL OF CLINICAL NUTRITION = AM J CLIN NUTR
AMERICAN JOURNAL OF CLINICAL ONCOLOGY-CANCER CLINICAL TRIALS = AM J CLIN ONCOL-CANC
AMERICAN JOURNAL OF CLINICAL PATHOLOGY = AM J CLIN PATHOL
AMERICAN JOURNAL OF COMMUNITY PSYCHOLOGY = AM J COMMUN PSYCHOL
AMERICAN JOURNAL OF COMPARATIVE LAW = AM J COMP LAW
AMERICAN JOURNAL OF DANCE THERAPY = AM J DANCE THER
AMERICAN JOURNAL OF DENTISTRY = AM J DENT
AMERICAN JOURNAL OF DERMATOPATHOLOGY = AM J DERMATOPATH
AMERICAN JOURNAL OF DISEASES OF CHILDREN = AM J DIS CHILD
AMERICAN JOURNAL OF DRUG AND ALCOHOL ABUSE = AM J DRUG ALCOHOL AB
AMERICAN JOURNAL OF ECONOMICS AND SOCIOLOGY = AM J ECON SOCIOL
AMERICAN JOURNAL OF EDUCATION = AM J EDUC
AMERICAN JOURNAL OF EEG TECHNOLOGY = AM J EEG TECHNOL
AMERICAN JOURNAL OF ELECTRONEURODIAGNOSTIC TECHNOLOGY = AM J ELECTRONEUROD T
AMERICAN JOURNAL OF EMERGENCY MEDICINE = AM J EMERG MED
AMERICAN JOURNAL OF ENOLOGY AND VITICULTURE = AM J ENOL VITICULT
AMERICAN JOURNAL OF EPIDEMIOLOGY = AM J EPIDEMIOL
AMERICAN JOURNAL OF EVALUATION = AM J EVAL
AMERICAN JOURNAL OF FAMILY THERAPY = AM J FAM THER
AMERICAN JOURNAL OF FORENSIC MEDICINE AND PATHOLOGY = AM J FOREN MED PATH
AMERICAN JOURNAL OF GASTROENTEROLOGY = AM J GASTROENTEROL
AMERICAN JOURNAL OF GERIATRIC PSYCHIATRY = AM J GERIAT PSYCHIAT
AMERICAN JOURNAL OF HEALTH BEHAVIOR = AM J HEALTH BEHAV
AMERICAN JOURNAL OF HEALTH PROMOTION = AM J HEALTH PROMOT
AMERICAN JOURNAL OF HEALTH-SYSTEM PHARMACY = AM J HEALTH-SYST PH
AMERICAN JOURNAL OF HEMATOLOGY = AM J HEMATOL
AMERICAN JOURNAL OF HOSPITAL PHARMACY = AM J HOSP PHARM
AMERICAN JOURNAL OF HUMAN BIOLOGY = AM J HUM BIOL
AMERICAN JOURNAL OF HUMAN GENETICS = AM J HUM GENET
AMERICAN JOURNAL OF HYPERTENSION = AM J HYPERTENS
AMERICAN JOURNAL OF INDUSTRIAL MEDICINE = AM J IND MED
AMERICAN JOURNAL OF INFECTION CONTROL = AM J INFECT CONTROL
AMERICAN JOURNAL OF INTERNATIONAL LAW = AM J INT LAW
AMERICAN JOURNAL OF KIDNEY DISEASES = AM J KIDNEY DIS
AMERICAN JOURNAL OF LAW & MEDICINE = AM J LAW MED
AMERICAN JOURNAL OF LEGAL HISTORY = AM J LEGAL HIST
AMERICAN JOURNAL OF MANAGED CARE = AM J MANAG C
AMERICAN JOURNAL OF MANAGED CARE = AM J MANAG CARE
AMERICAN JOURNAL OF MATHEMATICS = AM J MATH
AMERICAN JOURNAL OF MEDICAL GENETICS = AM J MED GENET
AMERICAN JOURNAL OF MEDICAL QUALITY = AM J MED QUAL
AMERICAN JOURNAL OF MEDICAL TECHNOLOGY = AM J MED TECHNOL
AMERICAN JOURNAL OF MEDICINE = AM J MED
AMERICAN JOURNAL OF MENTAL DEFICIENCY = AM J MENT DEF
AMERICAN JOURNAL OF MENTAL DEFICIENCY = AM J MENT RETARD
AMERICAN JOURNAL OF NEPHROLOGY = AM J NEPHROL
AMERICAN JOURNAL OF NEURORADIOLOGY = AM J NEURORADIOL
AMERICAN JOURNAL OF NONINVASIVE CARDIOLOGY = AM J NONINVAS CARD
AMERICAN JOURNAL OF NURSING = AM J NURS
AMERICAN JOURNAL OF OBSTETRICS AND GYNECOLOGY = AM J OBSTET GYNECOL
AMERICAN JOURNAL OF OCCUPATIONAL THERAPY = AM J OCCUP THER
AMERICAN JOURNAL OF OPHTHALMOLOGY = AM J OPHTHALMOL
AMERICAN JOURNAL OF OPTOMETRY AND PHYSIOLOGICAL OPTICS = AM J OPTOM PHYS OPT
AMERICAN JOURNAL OF ORTHODONTICS AND DENTOFACIAL ORTHOPEDICS = AM J ORTHOD DENTOFAC
AMERICAN JOURNAL OF ORTHOPSYCHIATRY = AM J ORTHOPSYCHIAT
AMERICAN JOURNAL OF OTOLARYNGOLOGY = AM J OTOLARYNG
AMERICAN JOURNAL OF OTOLOGY = AM J OTOL
AMERICAN JOURNAL OF PATHOLOGY = AM J PATHOL
AMERICAN JOURNAL OF PEDIATRIC HEMATOLOGY ONCOLOGY = AM J PEDIAT HEMATOL
AMERICAN JOURNAL OF PERINATOLOGY = AM J PERINAT
AMERICAN JOURNAL OF PHARMACEUTICAL EDUCATION = AM J PHARM EDUC
AMERICAN JOURNAL OF PHILOLOGY = AM J PHILOLOGY
AMERICAN JOURNAL OF PHYSICAL ANTHROPOLOGY = AM J PHYS ANTHROPOL
AMERICAN JOURNAL OF PHYSICAL MEDICINE & REHABILITATION = AM J PHYS MED REHAB
AMERICAN JOURNAL OF PHYSICS = AM J PHYS
AMERICAN JOURNAL OF PHYSIOLOGY = AM J PHYSIOL
AMERICAN JOURNAL OF PHYSIOLOGY-CELL PHYSIOLOGY = AM J PHYSIOL-CELL PH
AMERICAN JOURNAL OF PHYSIOLOGY-ENDOCRINOLOGY AND METABOLISM = AM J PHYSIOL-ENDOC M
AMERICAN JOURNAL OF PHYSIOLOGY-GASTROINTESTINAL AND LIVER PHYSIOLOGY = AM J PHYSIOL-GASTR L
AMERICAN JOURNAL OF PHYSIOLOGY-HEART AND CIRCULATORY PHYSIOLOGY = AM J PHYSIOL-HEART C
AMERICAN JOURNAL OF PHYSIOLOGY-LUNG CELLULAR AND MOLECULAR PHYSIOLOGY = AM J PHYSIOL-LUNG C
AMERICAN JOURNAL OF PHYSIOLOGY-REGULATORY INTEGRATIVE AND COMPARATIVE PHYSIOLOGY = AM J PHYSIOL-REG I
AMERICAN JOURNAL OF PHYSIOLOGY-RENAL FLUID AND ELECTROLYTE PHYSIOLOGY = AM J PHYSIOL-RENAL
AMERICAN JOURNAL OF PHYSIOLOGY-RENAL PHYSIOLOGY = AM J PHYSIOL-RENAL
AMERICAN JOURNAL OF POLITICAL SCIENCE = AM J POLIT SCI
AMERICAN JOURNAL OF POTATO RESEARCH = AM J POTATO RES
AMERICAN JOURNAL OF PREVENTIVE MEDICINE = AM J PREV MED
AMERICAN JOURNAL OF PRIMATOLOGY = AM J PRIMATOL
AMERICAN JOURNAL OF PROCTOLOGY GASTROENTEROLOGY & COLON & RECTAL SURGERY = AM J PROCTOL GASTRO
AMERICAN JOURNAL OF PSYCHIATRY = AM J PSYCHIAT
AMERICAN JOURNAL OF PSYCHOLOGY = AM J PSYCHOL
AMERICAN JOURNAL OF PSYCHOTHERAPY = AM J PSYCHOTHER
AMERICAN JOURNAL OF PUBLIC HEALTH = AM J PUBLIC HEALTH
AMERICAN JOURNAL OF REPRODUCTIVE IMMUNOLOGY = AM J REPROD IMMUNOL
AMERICAN JOURNAL OF REPRODUCTIVE IMMUNOLOGY AND MICROBIOLOGY = AM J REPROD IM MIC
AMERICAN JOURNAL OF REPRODUCTIVE IMMUNOLOGY AND MICROBIOLOGY = AM J REPROD IMMUNOL
AMERICAN JOURNAL OF RESPIRATORY AND CRITICAL CARE MEDICINE = AM J RESP CRIT CARE
AMERICAN JOURNAL OF RESPIRATORY CELL AND MOLECULAR BIOLOGY = AM J RESP CELL MOL
AMERICAN JOURNAL OF RHINOLOGY = AM J RHINOL
AMERICAN JOURNAL OF ROENTGENOLOGY = AM J ROENTGENOL
AMERICAN JOURNAL OF SCIENCE = AM J SCI
AMERICAN JOURNAL OF SEMIOTICS = AM J SEMIOTICS
AMERICAN JOURNAL OF SOCIOLOGY = AM J SOCIOL
AMERICAN JOURNAL OF SPEECH-LANGUAGE PATHOLOGY = AM J SPEECH-LANG PAT
AMERICAN JOURNAL OF SPORTS MEDICINE = AM J SPORT MED
AMERICAN JOURNAL OF SURGERY = AM J SURG
AMERICAN JOURNAL OF SURGICAL PATHOLOGY = AM J SURG PATHOL
AMERICAN JOURNAL OF THE MEDICAL SCIENCES = AM J MED SCI
AMERICAN JOURNAL OF TROPICAL MEDICINE AND HYGIENE = AM J TROP MED HYG
AMERICAN JOURNAL OF VETERINARY RESEARCH = AM J VET RES
AMERICAN JOURNAL ON ADDICTIONS = AM J ADDICTION
AMERICAN JOURNAL ON MENTAL RETARDATION = AM J MENT RETARD
AMERICAN LABORATORY = AM LAB
AMERICAN LITERARY HISTORY = AM LIT HIST
AMERICAN LITERARY REALISM 1870-1910 = AM LIT REALISM
AMERICAN LITERATURE = AM LIT
AMERICAN MACHINIST = AM MACH
AMERICAN MALACOLOGICAL BULLETIN = AM MALACOL BULL
AMERICAN MATHEMATICAL MONTHLY = AM MATH MON
AMERICAN METRIC JOURNAL = AM METRIC J
AMERICAN MIDLAND NATURALIST = AM MIDL NAT
AMERICAN MINERALOGIST = AM MINERAL
AMERICAN MINING CONGRESS JOURNAL = AM MIN CONGR J
AMERICAN MUSIC = AM MUSIC
AMERICAN NATURALIST = AM NAT
AMERICAN NEPTUNE = AM NEPTUNE
AMERICAN PHARMACY = AM PHARM
AMERICAN PHILOSOPHICAL QUARTERLY = AM PHILOS QUART
AMERICAN POETRY REVIEW = AM POETRY REV
AMERICAN POLITICAL SCIENCE REVIEW = AM POLIT SCI REV
AMERICAN POLITICS QUARTERLY = AM POLIT QUART
AMERICAN POTATO JOURNAL = AM POTATO J
AMERICAN PRESBYTERIANS-JOURNAL OF PRESBYTERIAN HISTORY = AM PRESBYTERIAN
AMERICAN PROGRAMMER = AM PROGRAM
AMERICAN PSYCHOLOGIST = AM PSYCHOL
AMERICAN QUARTERLY = AM QUART
AMERICAN REVIEW OF PUBLIC ADMINISTRATION = AM REV PUBLIC ADM
AMERICAN REVIEW OF RESPIRATORY DISEASE = AM REV RESPIR DIS
AMERICAN SCHOLAR = AM SCHOLAR
AMERICAN SCIENTIST = AM SCI
AMERICAN SOCIOLOGICAL REVIEW = AM SOCIOL REV
AMERICAN SPEECH = AM SPEECH
AMERICAN STATISTICIAN = AM STAT
AMERICAN STUDIES IN SCANDINAVIA = AM STUD SCAND
AMERICAN STUDIES INTERNATIONAL = AM STUD INT
AMERICAN SURGEON = AM SURGEON
AMERICAN TRANSCENDENTAL QUARTERLY = AM TRANSCEND QUART
AMERICAN ZOOLOGIST = AM ZOOL
AMERICAS = AMERICAS
AMINO ACIDS = AMINO ACIDS
AMPHIBIA-REPTILIA = AMPHIBIA-REPTILIA
AMYLOID-INTERNATIONAL JOURNAL OF EXPERIMENTAL AND CLINICAL INVESTIGATION = AMYLOID
ANAEROBE = ANAEROBE
ANAESTHESIA = ANAESTHESIA
ANAESTHESIA AND INTENSIVE CARE = ANAESTH INTENS CARE
ANAESTHESIST = ANAESTHESIST
ANAIS DA ACADEMIA BRASILEIRA DE CIENCIAS = AN ACAD BRAS CIENC
ANALES DE LA ASOCIACION QUIMICA ARGENTINA = AN ASOC QUIM ARGENT
ANALES DE LA LITERATURA ESPANOLA CONTEMPORANEA = AN LIT ESPAN CONTEMP
ANALES DE QUIMICA = AN QUIM
ANALES DE QUIMICA SERIE A-QUIMICA FISICA Y QUIMICA TECNICA = AN QUIM A-FIS TEC
ANALES DE QUIMICA SERIE B-QUIMICA INORGANICA Y QUIMICA ANALYTICA = AN QUIM B-INORG ANAL
ANALES DE QUIMICA SERIE C-QUIMICA ORGANICA Y BIOQUIMICA = AN QUIM C-ORG BIOQ
ANALES DE QUIMICA-INTERNATIONAL EDITION = AN QUIM-INT
ANALOG INTEGRATED CIRCUITS AND SIGNAL PROCESSING = ANALOG INTEGR CIRC S
ANALUSIS = ANALUSIS
ANALYSIS = ANALYSIS
ANALYST = ANALYST
ANALYTICA CHIMICA ACTA = ANAL CHIM ACTA
ANALYTICAL AND QUANTITATIVE CARDIOLOGY = ADV EXP MED BIOL
ANALYTICAL AND QUANTITATIVE CYTOLOGY AND HISTOLOGY = ANAL QUANT CYTOL
ANALYTICAL BIOCHEMISTRY = ANAL BIOCHEM
ANALYTICAL CELLULAR PATHOLOGY = ANAL CELL PATHOL
ANALYTICAL CHEMISTRY = ANAL CHEM
ANALYTICAL COMMUNICATIONS = ANAL COMMUN
ANALYTICAL INSTRUMENTATION = ANAL INSTRUM
ANALYTICAL LETTERS = ANAL LETT
ANALYTICAL LETTERS PART A-CHEMICAL ANALYSIS = ANAL LETT PT A
ANALYTICAL LETTERS PART B-CLINICAL AND BIOCHEMICAL ANALYSIS = ANAL LETT PT B
ANALYTICAL METHODS AND INSTRUMENTATION = ANAL METHOD INSTRUM
ANALYTICAL PROCEEDINGS = ANAL PROC
ANALYTICAL SCIENCES = ANAL SCI
ANALYTISCHE PSYCHOLOGIE = ANAL PSYCHOL
ANASTHESIE INTENSIVTHERAPIE NOTFALLMEDIZIN = ANASTH INTENSIV NOTF
ANASTHESIOLOGIE & INTENSIVMEDIZIN = ANASTH INTENSIVMED
ANASTHESIOLOGIE INTENSIVMEDIZIN NOTFALLMEDIZIN SCHMERZTHERAPIE = ANASTH INTENSIV NOTF
ANASTHESIOLOGIE UND INTENSIVMEDIZIN = ANASTH INTENSIVMED
ANATOMIA CLINICA = ANAT CLIN
ANATOMIA HISTOLOGIA EMBRYOLOGIA-JOURNAL OF VETERINARY MEDICINE SERIES C = ANAT HISTOL EMBRYOL
ANATOMIA HISTOLOGIA EMBRYOLOGIA-JOURNAL OF VETERINARY MEDICINE SERIES C-ZENTRALBLATT FUR VETERINARMEDIZIN REIHE C = ANAT HISTOL EMBRYOL
ANATOMICAL RECORD = ANAT REC
ANATOMISCHER ANZEIGER = ANAT ANZEIGER
ANATOMY AND EMBRYOLOGY = ANAT EMBRYOL
ANDREW SEYBOLDS OUTLOOK ON PROFESSIONAL COMPUTING = ANDREW SEYBOLD OUT P
ANDROLOGIA = ANDROLOGIA
ANESTHESIA AND ANALGESIA = ANESTH ANALG
ANESTHESIOLOGY = ANESTHESIOLOGY
ANESTHESIOLOGY CLINICS OF NORTH AMERICA = ANESTHESIOL CLIN N A
ANGEWANDTE BOTANIK = ANGEW BOT
ANGEWANDTE CHEMIE-INTERNATIONAL EDITION = ANGEW CHEM INT EDIT
ANGEWANDTE CHEMIE-INTERNATIONAL EDITION IN ENGLISH = ANGEW CHEM INT EDIT
ANGEWANDTE INFORMATIK = ANGEW INFORM
ANGEWANDTE MAKROMOLEKULARE CHEMIE = ANGEW MAKROMOL CHEM
ANGIOLOGY = ANGIOLOGY
ANGLE ORTHODONTIST = ANGLE ORTHOD
ANGLIA-ZEITSCHRIFT FUR ENGLISCHE PHILOLOGIE = ANGLIA-Z ENGL PHILOL
ANIMAL BEHAVIOUR = ANIM BEHAV
ANIMAL BIOTECHNOLOGY = ANIM BIOTECHNOL
ANIMAL BLOOD GROUPS AND BIOCHEMICAL GENETICS = ANIM BLOOD GROUPS BI
ANIMAL BLOOD GROUPS AND BIOCHEMICAL GENETICS = ANIM GENET
ANIMAL FEED SCIENCE AND TECHNOLOGY = ANIM FEED SCI TECH
ANIMAL GENETICS = ANIM GENET
ANIMAL LEARNING & BEHAVIOR = ANIM LEARN BEHAV
ANIMAL PRODUCTION = ANIM PROD
ANIMAL REGULATION STUDIES = ANIM REGULAT STUD
ANIMAL REPRODUCTION SCIENCE = ANIM REPROD SCI
ANIMAL SCIENCE = ANIM SCI
ANIMAL WELFARE = ANIM WELFARE
ANNALEN DER PHYSIK = ANN PHYS-BERLIN
ANNALEN DER PHYSIK = ANN PHYS-LEIPZIG
ANNALES ACADEMIAE SCIENTIARUM FENNICAE SERIES A1-MATHEMATICA = ANN ACAD SCI FENN A1
ANNALES ACADEMIAE SCIENTIARUM FENNICAE-MATHEMATICA = ANN ACAD SCI FENN-M
ANNALES AGRICULTURAE FENNIAE = ANN AGR FENN
ANNALES BOTANICI FENNICI = ANN BOT FENN
ANNALES CHIRURGIAE ET GYNAECOLOGIAE = ANN CHIR GYNAECOL FE
ANNALES D ENDOCRINOLOGIE = ANN ENDOCRINOL-PARIS
ANNALES D IMMUNOLOGIE = ANN INST PASTEUR IMM
ANNALES D UROLOGIE = ANN UROL
ANNALES DE BIOLOGIE CLINIQUE = ANN BIOL CLIN-PARIS
ANNALES DE BRETAGNE ET DES PAYS DE L OUEST = ANN BRETAGNE PAYS
ANNALES DE CARDIOLOGIE ET D ANGEIOLOGIE = ANN CARDIOL ANGEIOL
ANNALES DE CHIMIE-SCIENCE DES MATERIAUX = ANN CHIM-SCI MAT
ANNALES DE CHIRURGIE = ANN CHIR
ANNALES DE CHIRURGIE PLASTIQUE = ANN CHIR PLAST ESTH
ANNALES DE CHIRURGIE PLASTIQUE ET ESTHETIQUE = ANN CHIR PLAST ESTH
ANNALES DE DERMATOLOGIE ET DE VENEREOLOGIE = ANN DERMATOL VENER
ANNALES DE GASTROENTEROLOGIE ET D HEPATOLOGIE = ANN GASTROENT HEPATO
ANNALES DE GENETIQUE = ANN GENET-PARIS
ANNALES DE GENETIQUE ET DE SELECTION ANIMALE = ANN GENET SEL ANIM
ANNALES DE GEOPHYSIQUE = ANN GEOPHYS
ANNALES DE L ANESTHESIOLOGIE FRANCAISE = ANN ANESTHESIOL FR
ANNALES DE L INSTITUT FOURIER = ANN I FOURIER
ANNALES DE L INSTITUT HENRI POINCARE SECTION B-CALCUL DES PROBABILITES ET STATISTIQUE = ANN I H POINCARE B
ANNALES DE L INSTITUT HENRI POINCARE-ANALYSE NON LINEAIRE = ANN I H POINCARE-AN
ANNALES DE L INSTITUT HENRI POINCARE-PHYSIQUE THEORIQUE = ANN I H POINCARE-PHY
ANNALES DE L INSTITUT HENRI POINCARE-PROBABILITES ET STATISTIQUES = ANN I H POINCARE-PR
ANNALES DE L INSTITUT OCEANOGRAPHIQUE = ANN I OCEANOGR PARIS
ANNALES DE L INSTITUT PASTEUR-IMMUNOLOGY = ANN INST PASTEUR IMM
ANNALES DE L INSTITUT PASTEUR-MICROBIOLOGIE = ANN INST PASTEUR MIC
ANNALES DE L INSTITUT PASTEUR-VIROLOGY = ANN INST PASTEUR VIR
ANNALES DE LA SOCIETE BELGE DE MEDECINE TROPICALE = ANN SOC BELG MED TR
ANNALES DE LA SOCIETE ENTOMOLOGIQUE DE FRANCE = ANN SOC ENTOMOL FR
ANNALES DE LA SOCIETE ROYALE ZOOLOGIQUE DE BELGIQUE = ANN SOC ROY ZOOL BEL
ANNALES DE LA SOCIETE SCIENTIFIQUE DE BRUXELLES SERIES 1-SCIENCES MATHEMATIQUES ASTRONOMIQUES ET PHYSIQUES = ANN SOC SCI BRUX
ANNALES DE LIMNOLOGIE-INTERNATIONAL JOURNAL OF LIMNOLOGY = ANN LIMNOL-INT J LIM
ANNALES DE MEDECINE INTERNE = ANN MED INTERNE
ANNALES DE MEDECINE VETERINAIRE = ANN MED VET
ANNALES DE MICROBIOLOGIE = ANN INST PASTEUR MIC
ANNALES DE PARASITOLOGIE HUMAINE ET COMPAREE = ANN PARASIT HUM COMP
ANNALES DE PATHOLOGIE = ANN PATHOL
ANNALES DE PEDIATRIE = ANN PEDIATR-PARIS
ANNALES DE PHYSIQUE = ANN PHYS-PARIS
ANNALES DE RADIOLOGIE = ANN RADIOL
ANNALES DE RECHERCHES VETERINAIRES = ANN RECH VET
ANNALES DE VIROLOGIE = ANN INST PASTEUR VIR
ANNALES DE ZOOTECHNIE = ANN ZOOTECH
ANNALES DES MINES = ANN MINES
ANNALES DES SCIENCES FORESTIERES = ANN SCI FOREST
ANNALES DES SCIENCES NATURELLES-BOTANIQUE ET BIOLOGIE VEGETALE = ANN SCI NAT BOT BIOL
ANNALES DES SCIENCES NATURELLES-ZOOLOGIE ET BIOLOGIE ANIMALE = ANN SCI NAT ZOOL
ANNALES DES TELECOMMUNICATIONS-ANNALS OF TELECOMMUNICATIONS = ANN TELECOMMUN
ANNALES ENTOMOLOGICI FENNICI = ANN ENTOMOL FENN
ANNALES FRANCAISES D ANESTHESIE ET DE REANIMATION = ANN FR ANESTH
ANNALES GEOPHYSICAE = ANN GEOPHYS
ANNALES GEOPHYSICAE SERIES A-UPPER ATMOSPHERE AND SPACE SCIENCES = ANN GEOPHYS A-UPPER
ANNALES GEOPHYSICAE SERIES B-TERRESTRIAL AND PLANETARY PHYSICS = ANN GEOPHYS B-TERR P
ANNALES GEOPHYSICAE-ATMOSPHERES HYDROSPHERES AND SPACE SCIENCES = ANN GEOPHYS
ANNALES GEOPHYSICAE-ATMOSPHERES HYDROSPHERES AND SPACE SCIENCES = ANN GEOPHYS-ATM HYDR
ANNALES HENRI POINCARE = ANN HENRI POINCARE
ANNALES HISTORIQUES DE LA REVOLUTION FRANCAISE = ANN HIST REVOL FR
ANNALES MEDICO-PSYCHOLOGIQUES = ANN MED-PSYCHOL
ANNALES PHARMACEUTIQUES FRANCAISES = ANN PHARM FR
ANNALES SCIENTIFIQUES DE L ECOLE NORMALE SUPERIEURE = ANN SCI ECOLE NORM S
ANNALES ZOOLOGICI FENNICI = ANN ZOOL FENN
ANNALES-ECONOMIES SOCIETES CIVILISATIONS = ANN ECON SOC CIVIL
ANNALES-HISTOIRE SCIENCES SOCIALES = ANN HIST SCI SOC
ANNALI DI CHIMICA = ANN CHIM-ROME
ANNALI DI GEOFISICA = ANN GEOFIS
ANNALI DI MATEMATICA PURA ED APPLICATA = ANN MAT PUR APPL
ANNALI DI MICROBIOLOGIA ED ENZIMOLOGIA = ANN MICROBIOL ENZIM
ANNALS OF ALLERGY = ANN ALLERGY
ANNALS OF ALLERGY ASTHMA & IMMUNOLOGY = ANN ALLERG ASTHMA IM
ANNALS OF ANATOMY-ANATOMISCHER ANZEIGER = ANN ANAT
ANNALS OF APPLIED BIOLOGY = ANN APPL BIOL
ANNALS OF APPLIED NEMATOLOGY = ANN APPL NEMATOL
ANNALS OF APPLIED PROBABILITY = ANN APPL PROBAB
ANNALS OF ARID ZONE = ANN ARID ZONE
ANNALS OF BEHAVIORAL MEDICINE = ANN BEHAV MED
ANNALS OF BIOMEDICAL ENGINEERING = ANN BIOMED ENG
ANNALS OF BOTANY = ANN BOT-LONDON
ANNALS OF CARNEGIE MUSEUM = ANN CARNEGIE MUS
ANNALS OF CLINICAL AND LABORATORY SCIENCE = ANN CLIN LAB SCI
ANNALS OF CLINICAL BIOCHEMISTRY = ANN CLIN BIOCHEM
ANNALS OF CLINICAL RESEARCH = ANN CLIN RES
ANNALS OF DYSLEXIA = ANN DYSLEXIA
ANNALS OF EMERGENCY MEDICINE = ANN EMERG MED
ANNALS OF EPIDEMIOLOGY = ANN EPIDEMIOL
ANNALS OF FOREST SCIENCE = ANN FOR SCI
ANNALS OF GLACIOLOGY = ANN GLACIOL
ANNALS OF GLACIOLOGY, VOL 27, 1998 = ANN GLACIOL
ANNALS OF GLACIOLOGY, VOL 29, 1999 = ANN GLACIOL
ANNALS OF GLOBAL ANALYSIS AND GEOMETRY = ANN GLOB ANAL GEOM
ANNALS OF HEMATOLOGY = ANN HEMATOL
ANNALS OF HUMAN BIOLOGY = ANN HUM BIOL
ANNALS OF HUMAN GENETICS = ANN HUM GENET
ANNALS OF INTERNAL MEDICINE = ANN INTERN MED
ANNALS OF MATHEMATICAL LOGIC = ANN MATH LOGIC
ANNALS OF MATHEMATICS = ANN MATH
ANNALS OF MATHEMATICS AND ARTIFICIAL INTELLIGENCE = ANN MATH ARTIF INTEL
ANNALS OF MATHEMATICS STUDIES = ANN MATH STUD
ANNALS OF MEDICINE = ANN MED
ANNALS OF NEUROLOGY = ANN NEUROL
ANNALS OF NUCLEAR ENERGY = ANN NUCL ENERGY
ANNALS OF NUCLEAR MEDICINE = ANN NUCL MED
ANNALS OF NUTRITION AND METABOLISM = ANN NUTR METAB
ANNALS OF OCCUPATIONAL HYGIENE = ANN OCCUP HYG
ANNALS OF ONCOLOGY = ANN ONCOL
ANNALS OF OPERATIONS RESEARCH = ANN OPER RES
ANNALS OF OPHTHALMOLOGY = ANN OPHTHALMOL
ANNALS OF OPHTHALMOLOGY & GLAUCOMA = ANN OPHTHALMOL GLAUC
ANNALS OF OPHTHALMOLOGY-GLAUCOMA = ANN OPHTHALMOL-GLAUC
ANNALS OF OTOLOGY RHINOLOGY AND LARYNGOLOGY = ANN OTO RHINOL LARYN
ANNALS OF PHARMACOTHERAPY = ANN PHARMACOTHER
ANNALS OF PHYSICS = ANN PHYS-NEW YORK
ANNALS OF PLASTIC SURGERY = ANN PLAS SURG
ANNALS OF PROBABILITY = ANN PROBAB
ANNALS OF PURE AND APPLIED LOGIC = ANN PURE APPL LOGIC
ANNALS OF REGIONAL SCIENCE = ANN REGIONAL SCI
ANNALS OF SAUDI MEDICINE = ANN SAUDI MED
ANNALS OF SCIENCE = ANN SCI
ANNALS OF SOFTWARE ENGINEERING = ANN SOFTW ENG
ANNALS OF STATISTICS = ANN STAT
ANNALS OF SURGERY = ANN SURG
ANNALS OF SURGICAL ONCOLOGY = ANN SURG ONCOL
ANNALS OF THE AMERICAN ACADEMY OF POLITICAL AND SOCIAL SCIENCE = ANN AM ACAD POLIT SS
ANNALS OF THE ASSOCIATION OF AMERICAN GEOGRAPHERS = ANN ASSOC AM GEOGR
ANNALS OF THE ENTOMOLOGICAL SOCIETY OF AMERICA = ANN ENTOMOL SOC AM
ANNALS OF THE HISTORY OF COMPUTING = ANN HIST COMPUT
ANNALS OF THE INSTITUTE OF STATISTICAL MATHEMATICS = ANN I STAT MATH
ANNALS OF THE MISSOURI BOTANICAL GARDEN = ANN MO BOT GARD
ANNALS OF THE NEW YORK ACADEMY OF SCIENCES = ANN NY ACAD SCI
ANNALS OF THE RHEUMATIC DISEASES = ANN RHEUM DIS
ANNALS OF THE ROYAL COLLEGE OF PHYSICIANS AND SURGEONS OF CANADA = ANN ROY COLL PHYSIC
ANNALS OF THE ROYAL COLLEGE OF SURGEONS OF ENGLAND = ANN ROY COLL SURG
ANNALS OF THORACIC SURGERY = ANN THORAC SURG
ANNALS OF TOURISM RESEARCH = ANN TOURISM RES
ANNALS OF TROPICAL MEDICINE AND PARASITOLOGY = ANN TROP MED PARASIT
ANNALS OF TROPICAL PAEDIATRICS = ANN TROP PAEDIATR
ANNALS OF VASCULAR SURGERY = ANN VASC SURG
ANNEE BIOLOGIQUE = ANN BIOL-PARIS
ANNEE PSYCHOLOGIQUE = ANN PSYCHOL
ANNOTATIONES ZOOLOGICAE JAPONENSES = ANNOT ZOOL JAPON
ANNUAL OF THE SOCIETY OF CHRISTIAN ETHICS = ANNU SOC CHRIST ETH
ANNUAL RELIABILITY AND MAINTAINABILITY SYMPOSIUM, 1999 PROCEEDINGS = P A REL MAI
ANNUAL REPORTS IN MEDICINAL CHEMISTRY = ANNU REP MED CHEM
ANNUAL REPORTS ON NMR SPECTROSCOPY = ANN R NMR S
ANNUAL REVIEW OF ANTHROPOLOGY = ANNU REV ANTHROPOL
ANNUAL REVIEW OF ASTRONOMY AND ASTROPHYSICS = ANNU REV ASTRON ASTR
ANNUAL REVIEW OF BIOCHEMISTRY = ANNU REV BIOCHEM
ANNUAL REVIEW OF BIOMEDICAL ENGINEERING = ANNU REV BIOMED ENG
ANNUAL REVIEW OF BIOPHYSICS AND BIOENGINEERING = ANNU REV BIOPHYS BIO
ANNUAL REVIEW OF BIOPHYSICS AND BIOMOLECULAR STRUCTURE = ANNU REV BIOPH BIOM
ANNUAL REVIEW OF BIOPHYSICS AND BIOPHYSICAL CHEMISTRY = ANNU REV BIOPHYS BIO
ANNUAL REVIEW OF CELL AND DEVELOPMENTAL BIOLOGY = ANNU REV CELL DEV BI
ANNUAL REVIEW OF CELL BIOLOGY = ANNU REV CELL BIOL
ANNUAL REVIEW OF COMPUTER SCIENCE = ANNU REV COMPUT SCI
ANNUAL REVIEW OF EARTH AND PLANETARY SCIENCES = ANNU REV EARTH PL SC
ANNUAL REVIEW OF ECOLOGY AND SYSTEMATICS = ANNU REV ECOL SYST
ANNUAL REVIEW OF ENERGY = ANNU REV ENERGY
ANNUAL REVIEW OF ENERGY AND THE ENVIRONMENT = ANNU REV ENERG ENV
ANNUAL REVIEW OF ENTOMOLOGY = ANNU REV ENTOMOL
ANNUAL REVIEW OF FLUID MECHANICS = ANNU REV FLUID MECH
ANNUAL REVIEW OF GENETICS = ANNU REV GENET
ANNUAL REVIEW OF IMMUNOLOGY = ANNU REV IMMUNOL
ANNUAL REVIEW OF INFORMATION SCIENCE AND TECHNOLOGY = ANNU REV INFORM SCI
ANNUAL REVIEW OF MATERIALS SCIENCE = ANNU REV MATER SCI
ANNUAL REVIEW OF MEDICINE = ANNU REV MED
ANNUAL REVIEW OF MICROBIOLOGY = ANNU REV MICROBIOL
ANNUAL REVIEW OF NEUROSCIENCE = ANNU REV NEUROSCI
ANNUAL REVIEW OF NUCLEAR AND PARTICLE SCIENCE = ANNU REV NUCL PART S
ANNUAL REVIEW OF NUTRITION = ANNU REV NUTR
ANNUAL REVIEW OF PHARMACOLOGY AND TOXICOLOGY = ANNU REV PHARMACOL
ANNUAL REVIEW OF PHYSICAL CHEMISTRY = ANNU REV PHYS CHEM
ANNUAL REVIEW OF PHYSIOLOGY = ANNU REV PHYSIOL
ANNUAL REVIEW OF PHYTOPATHOLOGY = ANNU REV PHYTOPATHOL
ANNUAL REVIEW OF PLANT PHYSIOLOGY AND PLANT MOLECULAR BIOLOGY = ANNU REV PLANT PHYS
ANNUAL REVIEW OF PSYCHOLOGY = ANNU REV PSYCHOL
ANNUAL REVIEW OF PUBLIC HEALTH = ANNU REV PUBL HEALTH
ANNUAL REVIEW OF SOCIOLOGY = ANNU REV SOCIOL
ANQ-A QUARTERLY JOURNAL OF SHORT ARTICLES NOTES AND REVIEWS = ANQ-Q J SHORT ART N
ANTARCTIC SCIENCE = ANTARCT SCI
ANTHROPOLOGICAL QUARTERLY = ANTHROPOL QUART
ANTHROPOLOGICAL SCIENCE = ANTHROPOL SCI
ANTHROPOLOGIE = ANTHROPOLOGIE
ANTHROPOLOGY & EDUCATION QUARTERLY = ANTHROPOL EDUC QUART
ANTHROPOLOGY AND ARCHEOLOGY OF EURASIA = ANTHR ARCHEOL EURAS
ANTHROPOS = ANTHROPOS
ANTHROZOOS = ANTHROZOOS
ANTI-CANCER DRUG DESIGN = ANTI-CANCER DRUG DES
ANTI-CANCER DRUGS = ANTI-CANCER DRUG
ANTI-CORROSION METHODS AND MATERIALS = ANTI-CORROS METHOD M
ANTIBIOTIKI = ANTIBIOT MED BIOTEK
ANTIBIOTIKI I KHIMIOTERAPIYA = ANTIBIOT KHIMIOTERAP
ANTIBIOTIKI I MEDITSINSKAYA BIOTEKHNOLOGIYA = ANTIBIOT MED BIOTEK
ANTIBODY IMMUNOCONJUGATES AND RADIOPHARMACEUTICALS = ANTIBODY IMMUNOCONJ
ANTICANCER RESEARCH = ANTICANCER RES
ANTIGONISH REVIEW = ANTIGONISH REV
ANTIKE UND ABENDLAND = ANTIKE ABENDLAND
ANTIMICROBIAL AGENTS AND CHEMOTHERAPY = ANTIMICROB AGENTS CH
ANTIOCH REVIEW = ANTIOCH REV
ANTIPODE = ANTIPODE
ANTIQUITY = ANTIQUITY
ANTISENSE & NUCLEIC ACID DRUG DEVELOPMENT = ANTISENSE NUCLEIC A
ANTISENSE RESEARCH AND DEVELOPMENT = ANTISENSE RES DEV
ANTITRUST LAW JOURNAL = ANTITRUST LAW J
ANTIVIRAL CHEMISTRY & CHEMOTHERAPY = ANTIVIR CHEM CHEMOTH
ANTIVIRAL RESEARCH = ANTIVIR RES
ANTIVIRAL THERAPY = ANTIVIR THER
ANTONIE VAN LEEUWENHOEK INTERNATIONAL JOURNAL OF GENERAL AND MOLECULAR MICROBIOLOGY = ANTON LEEUW INT J G
ANTONIE VAN LEEUWENHOEK JOURNAL OF MICROBIOLOGY = A VAN LEEUW J MICROB
ANXIETY = ANXIETY
ANXIETY STRESS AND COPING = ANXIETY STRESS COPIN
ANZEIGER FUR SCHADLINGSKUNDE PFLANZENSCHUTZ UMWELTSCHUTZ = ANZ SCHADLINGSKD PFL
ANZEIGER FUR SCHADLINGSKUNDE-JOURNAL OF PEST SCIENCE = ANZ SCHADL-J PEST SC
APERTURE = APERTURE
APHASIOLOGY = APHASIOLOGY
APIDOLOGIE = APIDOLOGIE
APMIS = APMIS
APOLLO-THE INTERNATIONAL MAGAZINE OF THE ARTS = APOLLO
APOPTOSIS = APOPTOSIS
APPALACHIAN JOURNAL = APPALACHIAN J
APPETITE = APPETITE
APPITA = APPITA
APPITA = APPITA J
APPITA JOURNAL = APPITA J
APPLICABLE ALGEBRA IN ENGINEERING COMMUNICATION AND COMPUTING = APPL ALGEBR ENG COMM
APPLICABLE ANALYSIS = APPL ANAL
APPLIED & PREVENTIVE PSYCHOLOGY = APPL PREV PSYCHOL
APPLIED ACOUSTICS = APPL ACOUST
APPLIED AND ENVIRONMENTAL MICROBIOLOGY = APPL ENVIRON MICROB
APPLIED AND THEORETICAL ELECTROPHORESIS = APPL THEOR ELECTROPH
APPLIED ANIMAL BEHAVIOUR SCIENCE = APPL ANIM BEHAV SCI
APPLIED ANIMAL ETHOLOGY = APPL ANIM ETHOL
APPLIED ARTIFICIAL INTELLIGENCE = APPL ARTIF INTELL
APPLIED BIOCHEMISTRY AND BIOTECHNOLOGY = APPL BIOCHEM BIOTECH
APPLIED BIOCHEMISTRY AND MICROBIOLOGY = APPL BIOCHEM MICRO+
APPLIED CATALYSIS = APPL CATAL
APPLIED CATALYSIS A-GENERAL = APPL CATAL A-GEN
APPLIED CATALYSIS B-ENVIRONMENTAL = APPL CATAL B-ENVIRON
APPLIED CATEGORICAL STRUCTURES = APPL CATEGOR STRUCT
APPLIED CLAY SCIENCE = APPL CLAY SCI
APPLIED COGNITIVE PSYCHOLOGY = APPL COGNITIVE PSYCH
APPLIED COMPOSITE MATERIALS = APPL COMPOS MATER
APPLIED ECONOMICS = APPL ECON
APPLIED ECONOMICS LETTERS = APPL ECON LETT
APPLIED ENERGY = APPL ENERG
APPLIED ENGINEERING IN AGRICULTURE = APPL ENG AGRIC
APPLIED ENTOMOLOGY AND ZOOLOGY = APPL ENTOMOL ZOOL
APPLIED ERGONOMICS = APPL ERGON
APPLIED GEOCHEMISTRY = APPL GEOCHEM
APPLIED GEOGRAPHY = APPL GEOGR
APPLIED IMMUNOHISTOCHEMISTRY = APPL IMMUNOHISTOCHEM
APPLIED IMMUNOHISTOCHEMISTRY & MOLECULAR MORPHOLOGY = APPL IMMUNOHISTO M M
APPLIED INTELLIGENCE = APPL INTELL
APPLIED LINGUISTICS = APPL LINGUIST
APPLIED MAGNETIC RESONANCE = APPL MAGN RESON
APPLIED MATHEMATICAL MODELLING = APPL MATH MODEL
APPLIED MATHEMATICS AND COMPUTATION = APPL MATH COMPUT
APPLIED MATHEMATICS AND MECHANICS-ENGLISH EDITION = APPL MATH MECH-ENGL
APPLIED MATHEMATICS AND OPTIMIZATION = APPL MATH OPT
APPLIED MATHEMATICS LETTERS = APPL MATH LETT
APPLIED MEASUREMENT IN EDUCATION = APPL MEAS EDUC
APPLIED MICROBIOLOGY AND BIOTECHNOLOGY = APPL MICROBIOL BIOT
APPLIED NEUROPHYSIOLOGY = APPL NEUROPHYSIOL
APPLIED NUMERICAL MATHEMATICS = APPL NUMER MATH
APPLIED NURSING RESEARCH = APPL NURS RES
APPLIED OCEAN RESEARCH = APPL OCEAN RES
APPLIED OPTICS = APPL OPTICS
APPLIED ORGANOMETALLIC CHEMISTRY = APPL ORGANOMET CHEM
APPLIED PHYSICS A-MATERIALS SCIENCE & PROCESSING = APPL PHYS A-MATER
APPLIED PHYSICS B-LASERS AND OPTICS = APPL PHYS B-LASERS O
APPLIED PHYSICS B-PHOTOPHYSICS AND LASER CHEMISTRY = APPL PHYS B-PHOTO
APPLIED PHYSICS LETTERS = APPL PHYS LETT
APPLIED POLYMER SYMPOSIA = APPL POLYM SYMP
APPLIED PSYCHOLINGUISTICS = APPL PSYCHOLINGUIST
APPLIED PSYCHOLOGICAL MEASUREMENT = APPL PSYCH MEAS
APPLIED PSYCHOLOGY-AN INTERNATIONAL REVIEW-PSYCHOLOGIE APPLIQUEE-REVUE INTERNATIONALE = APPL PSYCHOL-INT REV
APPLIED PSYCHOPHYSIOLOGY AND BIOFEEDBACK = APPL PSYCHOPHYS BIOF
APPLIED RADIATION AND ISOTOPES = APPL RADIAT ISOTOPES
APPLIED RHEOLOGY = APPL RHEOL
APPLIED SCIENTIFIC RESEARCH = APPL SCI RES
APPLIED SOIL ECOLOGY = APPL SOIL ECOL
APPLIED SPECTROSCOPY = APPL SPECTROSC
APPLIED SPECTROSCOPY REVIEWS = APPL SPECTROSC REV
APPLIED STATISTICS-JOURNAL OF THE ROYAL STATISTICAL SOCIETY SERIES C = APPL STAT-J ROY ST C
APPLIED STOCHASTIC MODELS AND DATA ANALYSIS = APPL STOCH MODEL D A
APPLIED STOCHASTIC MODELS IN BUSINESS AND INDUSTRY = APPL STOCH MODEL BUS
APPLIED SUPERCONDUCTIVITY = APPL SUPERCOND
APPLIED SURFACE SCIENCE = APPL SURF SCI
APPLIED THERMAL ENGINEERING = APPL THERM ENG
APPROPRIATE TECHNOLOGY = APPROPRIATE TECH
APS JOURNAL = APS J
AQUACULTURAL ENGINEERING = AQUACULT ENG
AQUACULTURE = AQUACULTURE
AQUACULTURE INTERNATIONAL = AQUACULT INT
AQUACULTURE NUTRITION = AQUACULT NUTR
AQUACULTURE RESEARCH = AQUAC RES
AQUATIC BOTANY = AQUAT BOT
AQUATIC CONSERVATION-MARINE AND FRESHWATER ECOSYSTEMS = AQUAT CONSERV
AQUATIC GEOCHEMISTRY = AQUAT GEOCHEM
AQUATIC INSECTS = AQUAT INSECT
AQUATIC LIVING RESOURCES = AQUAT LIVING RESOUR
AQUATIC MICROBIAL ECOLOGY = AQUAT MICROB ECOL
AQUATIC SCIENCES = AQUAT SCI
AQUATIC TOXICOLOGY = AQUAT TOXICOL
ARAB GULF JOURNAL OF SCIENTIFIC RESEARCH = ARAB GULF J SCI RES
ARAB GULF JOURNAL OF SCIENTIFIC RESEARCH B-AGRICULTURAL AND BIOLOGICAL SCIENCES = ARAB GULF J SCI RES
ARABIAN ARCHAEOLOGY AND EPIGRAPHY = ARAB ARCHAEOL EPIGR
ARABIAN JOURNAL FOR SCIENCE AND ENGINEERING = ARAB J SCI ENG
ARACHNE = ARACHNE
ARBEITSMEDIZIN SOZIALMEDIZIN PRAVENTIVMEDIZIN = ARB SOZIALMED PRAVEN
ARBOR-CIENCIA PENSAMIENTO Y CULTURA = ARBOR
ARCADIA = ARCADIA
ARCADIA-ZEITSCHRIFT FUR VERGLEICHENDE LITERATURWISSENSCHAFT = ARCADIA-Z VERGLEICH
ARCHAEOLOGICAL CHEMISTRY = ACS SYM SER
ARCHAEOLOGY = ARCHAEOLOGY
ARCHAEOMETRY = ARCHAEOMETRY
ARCHAOLOGISCHES NACHRICHTENBLATT = ARCHAOL NACHR
ARCHITECTURA-ZEITSCHRIFT FUR GESCHICHTE DER BAUKUNST = ARCHITECTURA
ARCHITECTURAL DESIGN = ARCHIT DESIGN
ARCHITECTURAL DIGEST = ARCHIT DIGEST
ARCHITECTURAL HISTORY = ARCHIT HIST
ARCHITECTURAL RECORD = ARCHIT REC
ARCHITECTURAL REVIEW = ARCHIT REV
ARCHITECTURE = ARCHITECTURE
ARCHITECTURE D AUJOURD HUI = ARCHIT AUJOURD HUI
ARCHITECTURE-THE AIA JOURNAL = ARCHITECTURE-AIA J
ARCHIV DER MATHEMATIK = ARCH MATH
ARCHIV DER PHARMAZIE = ARCH PHARM
ARCHIV FUR ACKER UND PFLANZENBAU UND BODENKUNDE-ARCHIVES OF AGRONOMY AND SOIL SCIENCE = ARCH ACKER PFL BODEN
ARCHIV FUR DAS EISENHUTTENWESEN = ARCH EISENHUTTENWES
ARCHIV FUR DAS STUDIUM DER NEUEREN SPRACHEN UND LITERATUREN = ARCH STUD NEUE SPR
ARCHIV FUR ELEKTROTECHNIK = ARCH ELEKTROTECH
ARCHIV FUR EXPERIMENTELLE VETERINARMEDIZIN = ARCH EXP VET MED
ARCHIV FUR FISCHEREIWISSENSCHAFT = ARCH FISCHEREIWISS
ARCHIV FUR GEFLUGELKUNDE = ARCH GEFLUGELKD
ARCHIV FUR GESCHICHTE DER PHILOSOPHIE = ARCH GESCH PHILOS
ARCHIV FUR GESCHWULSTFORSCHUNG = ARCH GESCHWULSTFORSC
ARCHIV FUR HYDROBIOLOGIE = ARCH HYDROBIOL
ARCHIV FUR JAPANISCHE CHIRURGIE = ARCH JPN CHIR
ARCHIV FUR LEBENSMITTELHYGIENE = ARCH LEBENSMITTELHYG
ARCHIV FUR MUSIKWISSENSCHAFT = ARCH MUSIKWISS
ARCHIV FUR PHYTOPATHOLOGIE UND PFLANZENSCHUTZ-ARCHIVES OF PHYTOPATHOLOGY AND PLANT PROTECTION = ARCH PHYTOPATHOL PFL
ARCHIV FUR PROTISTENKUNDE = ARCH PROTISTENKD
ARCHIV FUR PSYCHIATRIE UND NERVENKRANKHEITEN = ARCH PSYCHIAT NERVEN
ARCHIV FUR REFORMATIONSGESCHICHTE-ARCHIVE FOR REFORMATION HISTORY = ARCH REFORMATIONSGES
ARCHIV FUR SOZIALGESCHICHTE = ARCH SOZIALGESCH
ARCHIV FUR SOZIALGESCHICHTE = ARCH SOZIALGESCH
ARCHIV FUR SOZIALGESCHICHTE, 34 BAND, 1994 = ARCH SOZIALGESCH
ARCHIV FUR SOZIALGESCHICHTE, 35. BD, 1995 = ARCH SOZIALGESCH
ARCHIV FUR TIERERNAHRUNG-ARCHIVES OF ANIMAL NUTRITION = ARCH TIERERNAHR
ARCHIV FUR TIERZUCHT-ARCHIVES OF ANIMAL BREEDING = ARCH TIERZUCHT
ARCHIVE FOR HISTORY OF EXACT SCIENCES = ARCH HIST EXACT SCI
ARCHIVE FOR MATHEMATICAL LOGIC = ARCH MATH LOGIC
ARCHIVE FOR RATIONAL MECHANICS AND ANALYSIS = ARCH RATION MECH AN
ARCHIVE OF APPLIED MECHANICS = ARCH APPL MECH
ARCHIVE OF FISHERY AND MARINE RESEARCH = ARCH FISH MAR RES
ARCHIVES D ANATOMIE ET DE CYTOLOGIE PATHOLOGIQUES = ARCH ANAT CYTOL PATH
ARCHIVES D ANATOMIE MICROSCOPIQUE ET DE MORPHOLOGIE EXPERIMENTALE = ARCH ANAT MICROSC MO
ARCHIVES DE PEDIATRIE = ARCH PEDIATRIE
ARCHIVES DE PHILOSOPHIE = ARCH PHILOS
ARCHIVES DE ZOOLOGIE EXPERIMENTALE ET GENERALE = ARCH ZOOL EXP GEN
ARCHIVES DES MALADIES DU COEUR ET DES VAISSEAUX = ARCH MAL COEUR VAISS
ARCHIVES DES SCIENCES = ARCH SCI
ARCHIVES EUROPEENNES DE SOCIOLOGIE = ARCH EUR SOCIOL
ARCHIVES FOR METEOROLOGY GEOPHYSICS AND BIOCLIMATOLOGY SERIES A-METEOROLOGY AND ATMOSPHERIC PHYSICS = ARCH METEOR GEOPHY A
ARCHIVES FOR METEOROLOGY GEOPHYSICS AND BIOCLIMATOLOGY SERIES B-THEORETICAL AND APPLIED CLIMATOLOGY = ARCH METEOR GEOPHY B
ARCHIVES FRANCAISES DE PEDIATRIE = ARCH FR PEDIATR
ARCHIVES INTERNATIONALES DE PHARMACODYNAMIE ET DE THERAPIE = ARCH INT PHARMACOD T
ARCHIVES INTERNATIONALES DE PHYSIOLOGIE DE BIOCHIMIE ET DE BIOPHYSIQUE = ARCH INT PHYSIOL BIO
ARCHIVES ITALIENNES DE BIOLOGIE = ARCH ITAL BIOL
ARCHIVES OF AMERICAN ART JOURNAL = ARCH AM ART J
ARCHIVES OF ANDROLOGY = ARCH ANDROLOGY
ARCHIVES OF ANIMAL NUTRITION-ARCHIV FUR TIERERNAHRUNG = ARCH ANIM NUTR
ARCHIVES OF ASIAN ART = ARCH ASIAN ART
ARCHIVES OF BIOCHEMISTRY AND BIOPHYSICS = ARCH BIOCHEM BIOPHYS
ARCHIVES OF BIOLOGY = ARCH BIOL
ARCHIVES OF CLINICAL NEUROPSYCHOLOGY = ARCH CLIN NEUROPSYCH
ARCHIVES OF COMPUTATIONAL METHODS IN ENGINEERING = ARCH COMPUT METHOD E
ARCHIVES OF DERMATOLOGICAL RESEARCH = ARCH DERMATOL RES
ARCHIVES OF DERMATOLOGY = ARCH DERMATOL
ARCHIVES OF DISEASE IN CHILDHOOD = ARCH DIS CHILD
ARCHIVES OF EMERGENCY MEDICINE = ARCH EMERG MED
ARCHIVES OF ENVIRONMENTAL CONTAMINATION AND TOXICOLOGY = ARCH ENVIRON CON TOX
ARCHIVES OF ENVIRONMENTAL HEALTH = ARCH ENVIRON HEALTH
ARCHIVES OF FAMILY MEDICINE = ARCH FAM MED
ARCHIVES OF GENERAL PSYCHIATRY = ARCH GEN PSYCHIAT
ARCHIVES OF GERONTOLOGY AND GERIATRICS = ARCH GERONTOL GERIAT
ARCHIVES OF GYNECOLOGY = ARCH GYNECOL
ARCHIVES OF GYNECOLOGY = ARCH GYNECOL OBSTET
ARCHIVES OF GYNECOLOGY AND OBSTETRICS = ARCH GYNECOL OBSTET
ARCHIVES OF HISTOLOGY AND CYTOLOGY = ARCH HISTOL CYTOL
ARCHIVES OF INSECT BIOCHEMISTRY AND PHYSIOLOGY = ARCH INSECT BIOCHEM
ARCHIVES OF INTERNAL MEDICINE = ARCH INTERN MED
ARCHIVES OF MECHANICS = ARCH MECH
ARCHIVES OF MEDICAL RESEARCH = ARCH MED RES
ARCHIVES OF METALLURGY = ARCH METALL
ARCHIVES OF MICROBIOLOGY = ARCH MICROBIOL
ARCHIVES OF NEUROLOGY = ARCH NEUROL-CHICAGO
ARCHIVES OF OPHTHALMOLOGY = ARCH OPHTHALMOL-CHIC
ARCHIVES OF ORAL BIOLOGY = ARCH ORAL BIOL
ARCHIVES OF ORTHOPAEDIC AND TRAUMA SURGERY = ARCH ORTHOP TRAUM SU
ARCHIVES OF OTO-RHINO-LARYNGOLOGY = ARCH OTO-RHINO-LARYN
ARCHIVES OF OTO-RHINO-LARYNGOLOGY-ARCHIV FUR OHREN-NASEN-UND KEHLKOPFHEILKUNDE = ARCH OTO-RHINO-LARYN
ARCHIVES OF OTOLARYNGOLOGY-HEAD & NECK SURGERY = ARCH OTOLARYNGOL
ARCHIVES OF PATHOLOGY & LABORATORY MEDICINE = ARCH PATHOL LAB MED
ARCHIVES OF PEDIATRICS & ADOLESCENT MEDICINE = ARCH PEDIAT ADOL MED
ARCHIVES OF PHARMACAL RESEARCH = ARCH PHARM RES
ARCHIVES OF PHYSICAL MEDICINE AND REHABILITATION = ARCH PHYS MED REHAB
ARCHIVES OF PHYSIOLOGY AND BIOCHEMISTRY = ARCH PHYSIOL BIOCHEM
ARCHIVES OF PSYCHIATRIC NURSING = ARCH PSYCHIAT NURS
ARCHIVES OF SEXUAL BEHAVIOR = ARCH SEX BEHAV
ARCHIVES OF SUICIDE RESEARCH = ARCH SUICIDE RES
ARCHIVES OF SURGERY = ARCH SURG-CHICAGO
ARCHIVES OF TOXICOLOGY = ARCH TOXICOL
ARCHIVES OF VIROLOGY = ARCH VIROL
ARCHIVIO STORICO ITALIANO = ARCH STORICO ITAL
ARCHIVIO VETERINARIO ITALIANO = ARCH VET ITAL
ARCHIVO ESPANOL DE ARTE = ARCH ESPAN ART
ARCHIVOS DE BIOLOGIA Y MEDICINA EXPERIMENTALES = ARCH BIOL MED EXP
ARCHIVOS DE INVESTIGACION MEDICA = ARCH INVEST MED
ARCHIVOS DE MEDICINA VETERINARIA = ARCH MED VET
ARCHIVOS DE NEUROBIOLOGIA = ARCH NEUROBIOL
ARCHIVOS DE ZOOTECNIA = ARCH ZOOTEC
ARCHIVOS LATINOAMERICANOS DE NUTRICION = ARCH LATINOAM NUTR
ARCHIVUM HISTOLOGICUM JAPONICUM = ARCH HISTOL CYTOL
ARCHIVUM HISTOLOGICUM JAPONICUM = ARCH HISTOL JAPON
ARCHIVUM IMMUNOLOGIAE ET THERAPIAE EXPERIMENTALIS = ARCH IMMUNOL THER EX
ARCTIC = ARCTIC
ARCTIC AND ALPINE RESEARCH = ARCTIC ALPINE RES
ARCTIC ANTARCTIC AND ALPINE RESEARCH = ARCT ANTARCT ALP RES
ARCTIC ANTHROPOLOGY = ARCTIC ANTHROPOL
ARDEA = ARDEA
AREA = AREA
ARETHUSA = ARETHUSA
ARGUMENT = ARGUMENT
ARHIV ZA POLJOPRIVREDNE NAUKE = ARH POLJOPR NAUKE
ARID SOIL RESEARCH AND REHABILITATION = ARID SOIL RES REHAB
ARIEL-A REVIEW OF INTERNATIONAL ENGLISH LITERATURE = ARIEL-REV INT ENGL
ARION-A JOURNAL OF HUMANITIES AND THE CLASSICS = ARION
ARIZONA MEDICINE = ARIZ MED
ARKANSAS AGRICULTURAL EXPERIMENT STATION BULLETIN = ARKANSAS AES BULL
ARKANSAS AGRICULTURAL EXPERIMENT STATION MIMEOGRAPH SERIES = ARKANSAS AES RES SER
ARKANSAS AGRICULTURAL EXPERIMENT STATION REPORT SERIES = ARKANSAS AES REP SER
ARKANSAS AGRICULTURAL EXPERIMENT STATION RESEARCH SERIES = ARKANSAS AES RES SER
ARKANSAS AGRICULTURAL EXPERIMENT STATION SPECIAL REPORTS = ARKANSAS AES SPEC RE
ARKANSAS FARM RESEARCH = ARKANSAS FARM RES
ARKANSAS HISTORICAL QUARTERLY = ARKANSAS HIST QUART
ARKHIV PATOLOGII = ARK PATOL
ARKIV FOR MATEMATIK = ARK MAT
ARMED FORCES & SOCIETY = ARMED FORCES SOC
ARQUIVO BRASILEIRO DE MEDICINA VETERINARIA E ZOOTECNIA = ARQ BRAS MED VET ZOO
ARQUIVOS DA ESCOLA DE VETERINARIA DA UNIVERSIDADE FEDERAL DE MINAS GERAIS = ARQ ESC VET UNIV FED
ARQUIVOS DE BIOLOGIA E TECNOLOGIA = ARQ BIOL TECNOL
ARQUIVOS DE NEURO-PSIQUIATRIA = ARQ NEURO-PSIQUIAT
ARS COMBINATORIA = ARS COMBINATORIA
ART BULLETIN = ART BULL
ART CRITICISM = ART CRITICISM
ART HISTORY = ART HIST
ART IN AMERICA = ART AM
ART INSTITUTE OF CHICAGO MUSEUM STUDIES = ART INST CHICAGO MUS
ART JOURNAL = ART J
ARTERIOSCLEROSIS = ARTERIOSCLEROSIS
ARTERIOSCLEROSIS AND THROMBOSIS = ARTERIOSCLER THROMB
ARTERIOSCLEROSIS THROMBOSIS AND VASCULAR BIOLOGY = ARTERIOSCL THROM VAS
ARTERY = ARTERY
ARTFORUM = ARTFORUM
ARTHRITIS AND RHEUMATISM = ARTHRITIS RHEUM
ARTHRITIS CARE AND RESEARCH = ARTHRIT CARE RES
ARTHROSCOPY = ARTHROSCOPY
ARTIBUS ASIAE = ARTIBUS ASIAE
ARTIFICIAL CELLS BLOOD SUBSTITUTES AND IMMOBILIZATION BIOTECHNOLOGY = ARTIF CELL BLOOD SUB
ARTIFICIAL INTELLIGENCE = ARTIF INTELL
ARTIFICIAL INTELLIGENCE IN ENGINEERING = ARTIF INTELL ENG
ARTIFICIAL INTELLIGENCE IN MEDICINE = ARTIF INTELL MED
ARTIFICIAL INTELLIGENCE REVIEW = ARTIF INTELL REV
ARTIFICIAL LIFE = ARTIF LIFE
ARTIFICIAL ORGANS = ARTIF ORGANS
ARTNEWS = ART NEWS
ARTS IN PSYCHOTHERAPY = ART PSYCHOTHER
ARTS OF ASIA = ART ASIA
ARZNEIMITTEL-FORSCHUNG-DRUG RESEARCH = ARZNEIMITTEL-FORSCH
ARZNEIMITTEL-FORSCHUNG/DRUG RESEARCH = ARZNEIMITTEL-FORSCH
ARZTLICHE LABORATORIUM = ARZTL LAB
ASAIO JOURNAL = ASAIO J
ASHRAE JOURNAL = ASHRAE J
ASHRAE JOURNAL-AMERICAN SOCIETY OF HEATING REFRIGERATING AND AIR-CONDITIONING ENGINEERS = ASHRAE J
ASIA PACIFIC JOURNAL OF CLINICAL NUTRITION = ASIA PAC J CLIN NUTR
ASIA PACIFIC JOURNAL OF PHARMACOLOGY = ASIA PAC J PHARMACOL
ASIA PACIFIC JOURNAL OF SOCIAL WORK = ASIA PAC J SOC WORK
ASIA-PACIFIC JOURNAL OF MOLECULAR BIOLOGY AND BIOTECHNOLOGY = ASIA-PAC J MOL BIOL
ASIA-PACIFIC JOURNAL OF OPERATIONAL RESEARCH = ASIA PAC J OPER RES
ASIAN ART & CULTURE = ASIAN ART CULT
ASIAN FOLKLORE STUDIES = ASIAN FOLKLORE STUD
ASIAN JOURNAL OF BUSINESS & INFORMATION SYSTEMS = ASIAN J BUS INF SYST
ASIAN JOURNAL OF CHEMISTRY = ASIAN J CHEM
ASIAN JOURNAL OF CHEMISTRY REVIEWS = ASIAN J CHEM REV
ASIAN JOURNAL OF SPECTROSCOPY = ASIAN J SPECTROSC
ASIAN JOURNAL OF WOMENS STUDIES = ASIAN J WOMEN STUD
ASIAN MUSIC = ASIAN MUSIC
ASIAN PACIFIC JOURNAL OF ALLERGY AND IMMUNOLOGY = ASIAN PAC J ALLERGY
ASIAN PHILOSOPHY = ASIAN PHILOS
ASIAN SURVEY = ASIAN SURV
ASIAN THEATRE JOURNAL = ASIAN THEATRE J
ASIAN-AUSTRALASIAN JOURNAL OF ANIMAL SCIENCES = ASIAN AUSTRAL J ANIM
ASLE TRANSACTIONS = ASLE TRANS
ASLIB PROCEEDINGS = ASLIB PROC
ASM NEWS = ASM NEWS
ASSEMBLY AUTOMATION = ASSEMBLY AUTOM
ASSESSMENT = ASSESSMENT
ASSISTIVE TECHNOLOGY = ASSIST TECHNOL
ASSOCIATION FOR RECORDED SOUND COLLECTIONS-JOURNAL = ASSOC REC SOUND COLL
ASSOCIATION OF FOOD & DRUG OFFICIALS QUARTERLY BULLETIN = ASSOC FOOD DRUG OFF
ASTERISQUE = ASTERISQUE
ASTM STANDARDIZATION NEWS = ASTM STAND NEWS
ASTRONAUTICS & AERONAUTICS = ASTRONAUT AERONAUT
ASTRONOMICAL JOURNAL = ASTRON J
ASTRONOMICHESKII ZHURNAL = ASTRON ZH+
ASTRONOMISCHE NACHRICHTEN = ASTRON NACHR
ASTRONOMY = ASTRONOMY
ASTRONOMY & ASTROPHYSICS SUPPLEMENT SERIES = ASTRON ASTROPHYS SUP
ASTRONOMY & GEOPHYSICS = ASTRON GEOPHYS
ASTRONOMY AND ASTROPHYSICS = ASTRON ASTROPHYS
ASTRONOMY AND ASTROPHYSICS REVIEW = ASTRON ASTROPHYS REV
ASTRONOMY AND SPACE SCIENCE FROM THE MOON = ADV SPACE RES
ASTRONOMY LETTERS-A JOURNAL OF ASTRONOMY AND SPACE ASTROPHYSICS = ASTRON LETT+
ASTRONOMY REPORTS = ASTRON REP+
ASTROPARTICLE PHYSICS = ASTROPART PHYS
ASTROPHYSICAL JOURNAL = ASTROPHYS J
ASTROPHYSICAL JOURNAL SUPPLEMENT SERIES = ASTROPHYS J SUPPL S
ASTROPHYSICAL LETTERS & COMMUNICATIONS = ASTROPHYS LETT COMM
ASTROPHYSICS AND SPACE SCIENCE = ASTROPHYS SPACE SCI
ASYMPTOTIC ANALYSIS = ASYMPTOTIC ANAL
AT&T BELL LABORATORIES TECHNICAL JOURNAL = AT&T TECH J
AT&T TECHNICAL JOURNAL = AT&T TECH J
ATEMWEGS-UND LUNGENKRANKHEITEN = ATEMWEG LUNGENKRANK
ATENE E ROMA = ATENE ROMA
ATHENAEUM-STUDI PERIODICI DI LETTERATURA E STORIA DELL ANTICHITA = ATHENAEUM
ATHEROSCLEROSIS = ATHEROSCLEROSIS
ATHEROSCLEROSIS REVIEWS = ATHER REV
ATHLETIC THERAPY TODAY = ATHLET THER TODAY
ATLA-ALTERNATIVES TO LABORATORY ANIMALS = ATLA-ALTERN LAB ANIM
ATLANTIC GEOLOGY = ATLANTIC GEOL
ATMOSFERA = ATMOSFERA
ATMOSPHERE-OCEAN = ATMOS OCEAN
ATMOSPHERES OF VENUS AND MARS = ADV SPACE RES
ATMOSPHERIC ENVIRONMENT = ATMOS ENVIRON
ATMOSPHERIC ENVIRONMENT PART A-GENERAL TOPICS = ATMOS ENVIRON A-GEN
ATMOSPHERIC ENVIRONMENT PART B-URBAN ATMOSPHERE = ATMOS ENVIRON B-URB
ATMOSPHERIC RESEARCH = ATMOS RES
ATMOSPHERIC STUDIES OF EARTH, VENUS AND MARS = ADV SPACE RES
ATMOSPHERIC TIDAL DYNAMICS AND E- AND D-REGION PHYSICS = ADV SPACE RES
ATOM & STROM = ATOM STROM
ATOMIC DATA AND NUCLEAR DATA TABLES = ATOM DATA NUCL DATA
ATOMIC ENERGY = ATOM ENERGY+
ATOMIC SPECTROSCOPY = ATOM SPECTROSC
ATOMIZATION AND SPRAYS = ATOMIZATION SPRAY
ATOMKERNENERGIE-KERNTECHNIK = ATOMKERNENERG/KERNT
ATOMWIRTSCHAFT-ATOMTECHNIK = ATOMWIRTSCH ATOMTECH
ATTENTION AND PERFORMANCE = ATTENTION PERFORM
ATTI ASSOCIAZIONE GENETICA ITALIANA = ATTI ASSOC GENET IT
ATW-INTERNATIONALE ZEITSCHRIFT FUR KERNENERGIE = ATW-INT Z KERNENERG
AUDIO = AUDIO
AUDIOLOGY = AUDIOLOGY
AUDIOLOGY AND NEURO-OTOLOGY = AUDIOL NEURO-OTOL
AUDITING-A JOURNAL OF PRACTICE & THEORY = AUDITING-J PRACT TH
AUDITORY NEUROSCIENCE = AUDIT NEUROSCI
AUDUBON = AUDUBON
AUK = AUK
AUMLA-JOURNAL OF THE AUSTRALASIAN UNIVERSITIES LANGUAGE AND LITERATURE ASSOCIATION = AUMLA
AUSGRABUNGEN UND FUNDE = AUSGRABUNGEN FUNDE
AUSSEN POLITIK = AUSSEN POLIT
AUSTRAL ECOLOGY = AUSTRAL ECOL
AUSTRALASIAN BIOTECHNOLOGY = AUSTRALAS BIOTECHNOL
AUSTRALASIAN JOURNAL OF PHILOSOPHY = AUSTRALAS J PHILOS
AUSTRALASIAN JOURNAL ON AGEING = AUSTRALAS J AGEING
AUSTRALASIAN PLANT PATHOLOGY = AUSTRALAS PLANT PATH
AUSTRALIAN & NEW ZEALAND JOURNAL OF OBSTETRICS & GYNAECOLOGY = AUST NZ J OBSTET GYN
AUSTRALIAN & NEW ZEALAND JOURNAL OF STATISTICS = AUST NZ J STAT
AUSTRALIAN AND NEW ZEALAND JOURNAL OF CRIMINOLOGY = AUST NZ J CRIMINOL
AUSTRALIAN AND NEW ZEALAND JOURNAL OF MEDICINE = AUST NZ J MED
AUSTRALIAN AND NEW ZEALAND JOURNAL OF OPHTHALMOLOGY = AUST NZ J OPHTHALMOL
AUSTRALIAN AND NEW ZEALAND JOURNAL OF PSYCHIATRY = AUST NZ J PSYCHIAT
AUSTRALIAN AND NEW ZEALAND JOURNAL OF PUBLIC HEALTH = AUST NZ J PUBL HEAL
AUSTRALIAN AND NEW ZEALAND JOURNAL OF SOCIOLOGY = AUST NZ J SOCIOL
AUSTRALIAN AND NEW ZEALAND JOURNAL OF SURGERY = AUST NZ J SURG
AUSTRALIAN COMPUTER JOURNAL = AUST COMPUT J
AUSTRALIAN DENTAL JOURNAL = AUST DENT J
AUSTRALIAN ECONOMIC HISTORY REVIEW = AUST ECON HIST REV
AUSTRALIAN FEMINIST STUDIES = AUST FEMINIST STUD
AUSTRALIAN FOREST RESEARCH = AUST FOREST RES
AUSTRALIAN GEOGRAPHER = AUST GEOGR
AUSTRALIAN HISTORICAL STUDIES = AUST HISTORICAL STUD
AUSTRALIAN JOURNAL OF AGRICULTURAL AND RESOURCE ECONOMICS = AUST J AGR RESOUR EC
AUSTRALIAN JOURNAL OF AGRICULTURAL ECONOMICS = AUST J AGR ECON
AUSTRALIAN JOURNAL OF AGRICULTURAL RESEARCH = AUST J AGR RES
AUSTRALIAN JOURNAL OF BIOLOGICAL SCIENCES = AUST J BIOL SCI
AUSTRALIAN JOURNAL OF BOTANY = AUST J BOT
AUSTRALIAN JOURNAL OF CHEMISTRY = AUST J CHEM
AUSTRALIAN JOURNAL OF CHINESE AFFAIRS = AUST J CHINESE AFF
AUSTRALIAN JOURNAL OF DAIRY TECHNOLOGY = AUST J DAIRY TECHNOL
AUSTRALIAN JOURNAL OF EARTH SCIENCES = AUST J EARTH SCI
AUSTRALIAN JOURNAL OF ECOLOGY = AUST J ECOL
AUSTRALIAN JOURNAL OF EDUCATION = AUST J EDUC
AUSTRALIAN JOURNAL OF ENTOMOLOGY = AUST J ENTOMOL
AUSTRALIAN JOURNAL OF EXPERIMENTAL AGRICULTURE = AUST J EXP AGR
AUSTRALIAN JOURNAL OF EXPERIMENTAL BIOLOGY AND MEDICAL SCIENCE = AUST J EXP BIOL MED
AUSTRALIAN JOURNAL OF FRENCH STUDIES = AUST J FR STUD
AUSTRALIAN JOURNAL OF INSTRUMENTATION & CONTROL = AUST J INSTRUM CONTR
AUSTRALIAN JOURNAL OF INTERNATIONAL AFFAIRS = AUST J INT AFF
AUSTRALIAN JOURNAL OF MARINE AND FRESHWATER RESEARCH = AUST J MAR FRESH RES
AUSTRALIAN JOURNAL OF OPHTHALMOLOGY = AUST J OPHTHALMOL
AUSTRALIAN JOURNAL OF PHYSICS = AUST J PHYS
AUSTRALIAN JOURNAL OF PHYSIOTHERAPY = AUST J PHYSIOTHER
AUSTRALIAN JOURNAL OF PLANT PHYSIOLOGY = AUST J PLANT PHYSIOL
AUSTRALIAN JOURNAL OF POLITICAL SCIENCE = AUST J POLIT SCI
AUSTRALIAN JOURNAL OF POLITICS AND HISTORY = AUST J POLIT HIST
AUSTRALIAN JOURNAL OF PSYCHOLOGY = AUST J PSYCHOL
AUSTRALIAN JOURNAL OF PUBLIC ADMINISTRATION = AUST J PUBL ADMIN
AUSTRALIAN JOURNAL OF PUBLIC HEALTH = AUST J PUBLIC HEALTH
AUSTRALIAN JOURNAL OF SOCIAL ISSUES = AUST J SOC ISSUES
AUSTRALIAN JOURNAL OF SOIL RESEARCH = AUST J SOIL RES
AUSTRALIAN JOURNAL OF STATISTICS = AUST J STAT
AUSTRALIAN JOURNAL OF ZOOLOGY = AUST J ZOOL
AUSTRALIAN JOURNAL ON AGEING = AUST J AGEING
AUSTRALIAN LITERARY STUDIES = AUST LIT STUD
AUSTRALIAN METEOROLOGICAL MAGAZINE = AUST METEOROL MAG
AUSTRALIAN PAEDIATRIC JOURNAL = AUST PAEDIATR J
AUSTRALIAN PSYCHOLOGIST = AUST PSYCHOL
AUSTRALIAN SYSTEMATIC BOTANY = AUST SYST BOT
AUSTRALIAN TELECOMMUNICATION RESEARCH = AUST TELECOMMUN RES
AUSTRALIAN VETERINARY JOURNAL = AUST VET J
AUSTRALIAN VETERINARY PRACTITIONER = AUST VET PRACT
AUSTRALIAN WATER RESOURCES COUNCIL TECHNICAL PAPER = AUST WATER RESOUR CO
AUSTRALIAN WILDLIFE RESEARCH = AUST WILDLIFE RES
AUT AUT = AUT AUT
AUTOIMMUNITY = AUTOIMMUNITY
AUTOMATIC CONTROL AND COMPUTER SCIENCES = AUTOM CONTROL COMP S
AUTOMATIC WELDING USSR = AUTOMAT WELD+
AUTOMATICA = AUTOMATICA
AUTOMATION AND REMOTE CONTROL = AUTOMAT REM CONTR+
AUTOMATION IN CONSTRUCTION = AUTOMAT CONSTR
AUTOMOBILE QUARTERLY = AUTOMOB QUART
AUTOMOTIVE ENGINEERING = AUTOMOT ENG
AUTOMOTIVE ENGINEERING INTERNATIONAL = AUTOMOT ENG INT
AUTOMOTIVE INDUSTRIES = AUTOMOT IND
AUTONOMOUS ROBOTS = AUTON ROBOT
AVANT SCENE OPERA = AVANT SCENE OPERA
AVIAN DISEASES = AVIAN DIS
AVIAN PATHOLOGY = AVIAN PATHOL
AVIATION SPACE AND ENVIRONMENTAL MEDICINE = AVIAT SPACE ENVIR MD
AVIATION WEEK & SPACE TECHNOLOGY = AVIAT WEEK SPACE TEC
AVTOMATIKA = AVTOMATIKA+
AVTOMATIKA I VYCHISLITELNAYA TEKHNIKA = AVTOM VYCHISL TEKH+
